Business management, business_management
Business Processing, business_management
Collaboration, collaboration
Content/library, content_library
Digital Content, content_library
Ecommerce, business_management
Education, learn_study
Education Services, learn_study
Management of education/research, education_logistics
Medical, learn_study
Online Collaboration, collaboration
Privacy/security, privacy_security
Productivity, productivity
Recommended, recommended
Repository, repository
Security, privacy_security
Security & Identity, privacy_security
SURF, surf
SURF Service , surf
Video platform,	media_video
