urn:mace:pedit.no:services:no.pedit,0,HAS_LICENSE_SP,0
https://teams.surfconext.nl/shibboleth,0,NOT_NEEDED,0
https://stagedbsv.hva.nl/,0,NOT_NEEDED,0
https://bbbmw.avans.nl/simplesaml/module.php/saml/sp/metadata.php/default-sp,0,HAS_LICENSE_SP,0
https://bod.surfnet.nl/shibboleth,0,NOT_NEEDED,0
https://profile.surfconext.nl/simplesaml/module.php/saml/sp/metadata.php/default-sp,0,NOT_NEEDED,0
https://bb01t.windesheim.nl/shibboleth,0,NOT_NEEDED,0
google.com/a/testapps1.surfnet.nl,0,NOT_NEEDED,0
http://saml.groups.sharespace.eu,1,HAS_LICENSE_SP,0
google.com/a/apps.surfnet.nl,0,HAS_LICENSE_SURFMARKET,0
https://pabo.teacherschannel.nl,0,HAS_LICENSE_SP,0
https://134.221.193.71/simplesaml/module.php/saml/sp/metadata.php/default-sp,0,NOT_NEEDED,0
https://apps.grid.sara.nl/simplesaml/module.php/saml/sp/metadata.php/SURFconext,0,NOT_NEEDED,0
https://auth.greenqloud.com/wayf/module.php/saml/sp/metadata.php/default-sp,0,NOT_NEEDED,0
tud_weblog_tu_accp,0,NOT_NEEDED,0
tud_weblog_ul_accp,0,NOT_NEEDED,0
tud_weblog_tu_prod,0,NOT_NEEDED,0
tud_weblog_ul_prod,0,NOT_NEEDED,0
https://uba-primo.hosted.exlibrisgroup.com/shib,0,NOT_NEEDED,0
urn:fontys.nl:wordpress:test,0,NOT_NEEDED,0
http://sp.ontrac.xebic.com,0,HAS_LICENSE_SP,0
https://www.open-um.nl/simplesaml/module.php/saml/sp/metadata.php/SURFconext,0,NOT_NEEDED,0
http://sp.tst-ontrac.xebic.com,0,HAS_LICENSE_SP,0
https://wombat.avans.nl/simplesaml/module.php/saml/sp/metadata.php/default-sp,0,NOT_NEEDED,0
google.com/a/vu.nl,0,HAS_LICENSE_SURFMARKET,0
https://www.mijnuvapas.nl/simplesamlphp/www/module.php/saml/sp/metadata.php/default-sp,1,NOT_NEEDED,0
google.com/a/hz.nl,0,HAS_LICENSE_SURFMARKET,0
https://www.nuffic-nudirect.nl/simplesaml/module.php/saml/sp/metadata.php/default-sp,0,NOT_NEEDED,0
http://federatie.hogeschoolutrecht.nl/adfs/services/trust,0,NOT_NEEDED,0
https://publicapi.avans.nl/simplesaml/module.php/saml/sp/metadata.php/default-sp,0,HAS_LICENSE_SP,0
https://teamwerk.umc-all.nl/adfs/services/trust,0,NOT_NEEDED,0
https://beta.publicapi.avans.nl/simplesaml/module.php/saml/sp/metadata.php/default-sp,0,NOT_NEEDED,0
urn:avans_oauth_group_consumer,0,HAS_LICENSE_SP,0
https://etherpad.conext.surfnetlabs.nl/simplesaml/module.php/saml/sp/metadata.php/default-sp,0,NOT_NEEDED,0
https://beta.foodle.org/,0,NOT_NEEDED,0
https://fkooman.pagekite.me/client/code/index.php,0,NOT_NEEDED,0
https://geonosis.local/simplesaml/module.php/saml/sp/metadata.php/default-sp,0,NOT_NEEDED,0
google.com/a/student.han.nl,0,HAS_LICENSE_SURFMARKET,0
google.com/a/student.nhl.nl,0,HAS_LICENSE_SURFMARKET,0
google.com/a/nhl.nl,0,HAS_LICENSE_SURFMARKET,0
google.com/a/utwente.nl,0,NOT_NEEDED,0
https://www.google.com/a/uvt.nl/acs,0,NOT_NEEDED,0
google.com/a/sigs.surfnet.nl,0,NOT_NEEDED,0
google.com/a/surfster.surfnet.nl,0,NOT_NEEDED,0
google.com/a/uchoapps.surfnet.nl,0,HAS_LICENSE_SURFMARKET,0
http://lab.cozmanova.com/videogadget/googledocs-conext.xml,0,NOT_NEEDED,0
https://horafinita.nl/simplesaml/module.php/saml/sp/metadata.php/default-sp,0,NOT_NEEDED,0
https://test.horafinita.nl/simplesaml/module.php/saml/sp/metadata.php/default-sp,0,NOT_NEEDED,0
http://www.igoogle.com,0,NOT_NEEDED,0
https://conext.proteon.nl/shibboleth-sp,0,NOT_NEEDED,0
https://hsleiden.proteon.nl/shibboleth-sp,0,NOT_NEEDED,0
https://www.lowlandsuniversity.nl/portal,0,NOT_NEEDED,0
https://surfconext.mediamission.nl/mediasite,0,NOT_NEEDED,0
https://rooster.uva.nl,1,HAS_LICENSE_SP,0
https://ci.nbiceng.net/shibboleth,0,NOT_NEEDED,0
http://ci.nmcdsp.org/shibboleth,0,NOT_NEEDED,0
http://ci.galaxy.nmcdsp.org/shibboleth,0,NOT_NEEDED,0
https://134.221.193.70/shibboleth,0,NOT_NEEDED,0
http://saml.open.vu.nl,0,NOT_NEEDED,0
http://saml.portfolio.vu.nl,0,NOT_NEEDED,0
https://rave-showcase.conext.surfnetlabs.nl/shibboleth,0,NOT_NEEDED,0
https://rooster-f.avans.nl/simplesaml/module.php/saml/sp/metadata.php/default-sp,0,NOT_NEEDED,0
https://saml.salesforce.com,0,NOT_NEEDED,0
https://scirtgroepen.surfnet.nl/simplesamlphp/module.php/saml/sp/metadata.php/default-sp,0,HAS_LICENSE_SP,0
http://saml.sharespace.edia.nl,1,NOT_NEEDED,0
https://shindig-showcase.conext.surfnetlabs.nl/shibboleth,0,NOT_NEEDED,0
https://space.fontys-educatief.nl/simplesaml/module.php/saml/sp/metadata.php/default-sp,0,NOT_NEEDED,0
https://grouper.surfconext.nl/grouper/shibboleth,0,NOT_NEEDED,0
https://os.surfconext.nl/shibboleth,0,NOT_NEEDED,0
https://portal.surfconext.nl/shibboleth,0,NOT_NEEDED,0
https://testsp.surfconext.nl/shibboleth,0,NOT_NEEDED,0
https://selfservice.surfconext.nl,0,NOT_NEEDED,0
https://www.integration.surfmedia.nl/app/serviceprovider/metadata,0,NOT_NEEDED,0
https://admin.surfmedia.nl/saml-metadata.php,0,NOT_NEEDED,0
https://cms.surfmedia.nl/admin/saml-metadata.php,0,NOT_NEEDED,0
http://m.acc.surfmedia.nl/login/metadata/,0,NOT_NEEDED,0
http://m.surfmedia.nl/login/metadata/,0,NOT_NEEDED,0
https://www.surfmedia.local/app/serviceprovider/metadata,0,NOT_NEEDED,0
https://www.acc.surfmedia.nl/app/serviceprovider/metadata,0,NOT_NEEDED,0
https://www.surfmedia.nl/app/serviceprovider/metadata,0,NOT_NEEDED,0
https://admin.acc.surfmedia.nl/saml-metadata.php,0,NOT_NEEDED,0
https://cms.acc.surfmedia.nl/admin/saml-metadata.php,0,NOT_NEEDED,0
https://admin.integration.surfmedia.nl/saml-metadata.php,0,NOT_NEEDED,0
https://cms.integration.surfmedia.nl/admin/saml-metadata.php,0,NOT_NEEDED,0
https://admin.surfmedia.local/saml-metadata.php,0,NOT_NEEDED,0
https://cms.surfmedia.local/admin/saml-metadata.php,0,NOT_NEEDED,0
https://issues.surfnet.nl/shibboleth,0,NOT_NEEDED,0
https://wiki.surfnetlabs.nl/shibboleth,0,NOT_NEEDED,0
https://terena.org/sp,0,NOT_NEEDED,0
https://uva-hva.topdesk.com/tas/secure/,0,NOT_NEEDED,0
https://uva-hvatest.topdesk.com/tas/secure/,0,NOT_NEEDED,0
https://uva-hva.topdesk.com/tas/public/,0,HAS_LICENSE_SURFMARKET,0
https://uva-hvatest.topdesk.com/tas/public/,0,NOT_NEEDED,0
http://adfsubutest.library.uu.nl/adfs/services/trust,0,NOT_NEEDED,0
urn:saml:greenqloud.com:sp,0,NOT_NEEDED,0
https://surfnet.webex.com,0,NOT_NEEDED,0
yammer.com,0,NOT_NEEDED,0
https://serviceregistry.surfconext.nl/simplesaml/module.php/saml/sp/metadata.php/default-sp,0,NOT_NEEDED,0
https://manage.surfconext.nl/simplesaml/module.php/saml/sp/metadata.php/default-sp,0,NOT_NEEDED,0
https://vomanage.surfconext.nl/simplesaml/module.php/saml/sp/metadata.php/default-sp,0,NOT_NEEDED,0
https://engine.surfconext.nl/authentication/sp/metadata,0,NOT_NEEDED,0
https://auth.law.uvt.nl/simplesaml/module.php/saml/sp/metadata.php/default-sp,0,NOT_NEEDED,0
https://www.mijnhvapas.nl/simplesamlphp/www/module.php/saml/sp/metadata.php/default-sp,1,NOT_NEEDED,0
https://bod.surfnet.nl/bod-authorization-server,0,NOT_NEEDED,0
http://vu.nl/oauth,0,NOT_NEEDED,0
https://streaming.hu.nl/P2G/,0,NOT_NEEDED,0
https://www.mijninhollandpasfoto.nl/simplesamlphp/www/module.php/saml/sp/metadata.php/default-sp,1,NOT_NEEDED,0
http://sts.edugroepen.nl/adfs/services/trust,0,HAS_LICENSE_SURFMARKET,0
https://survey.fontys-educatief.nl/simplesaml/module.php/saml/sp/metadata.php/SURFconext,0,NOT_NEEDED,0
https://fsso.springer.com,0,HAS_LICENSE_SP,0
https://frkosp.wind.surfnet.nl/html-voot-client/index.html,0,NOT_NEEDED,0
google.com/a/avans.nl,0,HAS_LICENSE_SURFMARKET,0
google.com/a/gafetest.hanze.nl,0,HAS_LICENSE_SURFMARKET,0
google.com/a/gapps.nhl.nl,0,HAS_LICENSE_SURFMARKET,0
google.com/a/novay.nl,0,NOT_NEEDED,0
google.com/a/ond.vu.nl,0,NOT_NEEDED,0
google.com/a/student.uva.nl,0,HAS_LICENSE_SURFMARKET,0
google.com/a/studie.openuniversiteit.be,0,HAS_LICENSE_SURFMARKET,0
google.com/a/studie.ou.nl,0,HAS_LICENSE_SURFMARKET,0
google.com/a/terena.org,0,HAS_LICENSE_SURFMARKET,0
https://leernetwerkeducatie.nl/simplesaml/module.php/saml/sp/metadata.php/leernetwerkeducatie,0,NOT_NEEDED,0
https://bbbmw.surfnetlabs.nl/sspsp/module.php/saml/sp/metadata.php/BigBlueButton,0,NOT_NEEDED,0
https://filesender.surfnet.nl/simplesaml/module.php/saml/sp/metadata.php/default-sp,0,NOT_NEEDED,0
https://tcs-escience-portal.terena.org/simplesamlphp/module.php/saml/sp/metadata.php/default-sp,0,NOT_NEEDED,0
https://mijncertificaat.surfnet.nl/simplesamlphp/module.php/saml/sp/metadata.php/default-sp,0,NOT_NEEDED,0
https://tcs-personal-portal.terena.org/simplesamlphp/module.php/saml/sp/metadata.php/default-sp,0,NOT_NEEDED,0
https://planner.fontys-educatief.nl/simplesaml/module.php/saml/sp/metadata.php/default-sp,0,NOT_NEEDED,0
https://voorlichtingsysteem.nl/,1,HAS_LICENSE_SP,0
https://test.iavans.nl/Shibboleth.sso/Metadata,0,NOT_NEEDED,0
https://vc.fontys-educatief.nl/simplesaml/module.php/saml/sp/metadata.php/default-sp,0,HAS_LICENSE_SP,0
https://sts.hva.nl/adfs/services/trust,0,NOT_NEEDED,0
http://progresswww.nl,0,NOT_NEEDED,0
http://progressnet.nl,0,NOT_NEEDED,0
http://student.progressnet.nl,0,NOT_NEEDED,0
https://www.qdnatool.org/simplesamlphp/module.php/saml/sp/metadata.php/SURFconext,0,NOT_NEEDED,0
http://progresswww.nl/test,0,NOT_NEEDED,0
http://test.progressnet.nl,0,NOT_NEEDED,0
http://teststudent.progressnet.nl,0,NOT_NEEDED,0
http://ontwikkelstudent.progressnet.nl,0,NOT_NEEDED,0
http://ontwikkel.progressnet.nl,0,NOT_NEEDED,0
https://saml.www.dataverse.nl,0,NOT_NEEDED,0
https://mediasite.surfnet.nl/Mediasite,0,NOT_NEEDED,0
google.com/a/catharijnecollege.nl,0,NOT_NEEDED,0
https://s1304.pixsoftware.de/shibboleth,0,NOT_NEEDED,0
https://exp34.conext.surfnetlabs.nl/mediawiki/simplesaml/module.php/saml/sp/metadata.php/default-sp,0,NOT_NEEDED,0
https://atlas.dlp.surfnet.nl/bod,0,NOT_NEEDED,0
https://www.han.nl,0,NOT_NEEDED,0
https://mytimetable-acc.uva.nl,0,NOT_NEEDED,0
https://test.test.nl,0,NOT_NEEDED,0
https://uva.dev.eveoh.nl,0,HAS_LICENSE_SP,0
https://pre-listes.renater.fr/sympa/,0,NOT_NEEDED,0
https://uba-primostg.hosted.exlibrisgroup.com/shib,0,NOT_NEEDED,0
https://www.filosofiebank.nl,0,HAS_LICENSE_SURFMARKET,0
https://acc.iavans.nl/Shibboleth.sso/Metadata,0,NOT_NEEDED,0
https://helicon.xpressionmanager.nl,1,NOT_NEEDED,0
https://www.surfspace.nl/auth/simplesaml/module.php/saml/sp/metadata.php/default-sp,0,NOT_NEEDED,0
https://iavans.nl/Shibboleth.sso/Metadata,0,NOT_NEEDED,0
https://wordpress.demo.surfconext.nl/simplesaml/module.php/saml/sp/metadata.php/wordpress-sp,0,NOT_NEEDED,0
https://nhl.presentations2go.eu/P2G/,0,HAS_LICENSE_SURFMARKET,0
https://mediaserver.hro.nl/P2G/,0,HAS_LICENSE_SURFMARKET,0
https://pabo-avans.parsys.nl/simplesaml/module.php/saml/sp/metadata.php/default-sp,0,HAS_LICENSE_SURFMARKET,0
https://edithstein.parsys.nl/simplesaml/module.php/saml/sp/metadata.php/default-sp,0,NOT_NEEDED,0
https://hva.parsys.nl/simplesaml/module.php/saml/sp/metadata.php/default-sp,0,HAS_LICENSE_SURFMARKET,0
https://exp34.conext.surfnetlabs.nl/wordpress/simplesaml/module.php/saml/sp/metadata.php/default-sp,0,NOT_NEEDED,0
https://prof.ivtg.nl/simplesaml/module.php/saml/sp/metadata.php/default-sp,0,HAS_LICENSE_SP,0
http://sp.onstage.xebic.com,0,HAS_LICENSE_SURFMARKET,0
http://sp.onstage-inholland.xebic.com,0,NOT_NEEDED,0
https://www.academia.nl/simplesaml/module.php/saml/sp/metadata.php/default-sp,0,HAS_LICENSE_SURFMARKET,0
https://mediasalsa.rug.nl/simplesamlphp/module.php/saml/sp/metadata.php/mediasalsa-rug,0,NOT_NEEDED,0
https://avans.parsys.nl/simplesaml/module.php/saml/sp/metadata.php/default-sp,0,HAS_LICENSE_SURFMARKET,0
https://data.3tu.nl/saml/metadata,0,HAS_LICENSE_SP,0
https://vu.mediaspace.kaltura.com/user/authenticate,0,NOT_NEEDED,0
https://maps.tudelft.nl/simplesaml/module.php/saml/sp/metadata.php/default-sp,0,NOT_NEEDED,0
https://STREAMING3.service.rug.nl/P2G/,0,HAS_LICENSE_SURFMARKET,0
http://testing.nuffic-nudirect.nl/simplesaml/module.php/saml/sp/metadata.php/default-sp,0,NOT_NEEDED,0
https://saml.sakai.portfolio4u.nl,0,NOT_NEEDED,0
https://educatieve-alliantie.nl/simplesaml/module.php/saml/sp/metadata.php/educatieve-alliantie,0,NOT_NEEDED,0
https://teamsmakenscholen.nl/simplesaml/module.php/saml/sp/metadata.php/teamsmakenscholen,0,NOT_NEEDED,0
https://events.surffoundation.nl,0,NOT_NEEDED,0
https://videoportal.gh.nl/P2G/,0,HAS_LICENSE_SURFMARKET,0
https://conext-dev.proteon.nl/shibboleth-sp,0,NOT_NEEDED,0
https://authenticeren.thiememeulenhoff.nl/openaselect/profiles/saml2,1,HAS_LICENSE_SP,0
https://geoplaza.ubvu.vu.nl/simplesaml/module.php/saml/sp/metadata.php/default-sp,0,NOT_NEEDED,0
http://sp.xafax.nl,0,HAS_LICENSE_SP,0
https://sp.lux17.mpi.nl,0,HAS_LICENSE_SP,0
https://testing.nuffic-nudirect.nl/simplesaml/module.php/saml/sp/metadata.php/default-sp,0,NOT_NEEDED,0
http://hu-logon.winvision.nl/adfs/services/trust,0,NOT_NEEDED,0
https://login.ezproxy.elib49.ub.unimaas.nl/,0,NOT_NEEDED,0
http://drillster.com,0,NOT_NEEDED,0
https://surf.workvoices.com/simplesamlphp/module.php/saml/sp/metadata.php/surfnet-production,0,NOT_NEEDED,0
https://muse.jhu.edu/shibboleth,0,NOT_NEEDED,0
https://beehub.nl/system/simplesaml/module.php/saml/sp/metadata.php/BeeHub,0,NOT_NEEDED,0
https://beehub-test.grid.sara.nl/system/simplesaml/module.php/saml/sp/metadata.php/BeeHub,0,NOT_NEEDED,0
https://teamsgadget.avans.nl/simplesaml/module.php/saml/sp/metadata.php/default-sp,0,HAS_LICENSE_SP,0
https://engine.conext.surfnetlabs.nl/authentication/sp/metadata,0,NOT_NEEDED,0
https://help.economievoorjou.nl/mellon/metadata,0,HAS_LICENSE_SP,0
https://metisacc.ru.nl:4443/federation/metue,0,NOT_NEEDED,0
https://www.kiesactief.nl/simplesaml/module.php/saml/sp/metadata.php/surfnet,0,HAS_LICENSE_SP,0
https://www.refworks.com/shibboleth/sp,0,HAS_LICENSE_SURFMARKET,0
https://www.bioone.org/shibboleth,0,HAS_LICENSE_SURFMARKET,0
http://shibboleth.metapress.com/shibboleth-sp,0,NOT_NEEDED,0
https://my.utwente.nl/shibboleth-sp,0,NOT_NEEDED,0
https://fontys.mediamission.nl/Mediasite,0,HAS_LICENSE_SURFMARKET,0
https://weblectures.hva.nl,0,HAS_LICENSE_SURFMARKET,0
https://video.vu.nl/user/authenticate,0,NOT_NEEDED,0
https://sp.library.wur.nl/shibboleth,0,NOT_NEEDED,0
https://stugood.org/simplesamlphp/www/module.php/saml/sp/metadata.php/default-sp,0,NOT_NEEDED,0
https://unesco.presentations2go.eu/P2G/,0,HAS_LICENSE_SURFMARKET,0
https://scorion3.parantion.nl/simplesaml/module.php/saml/sp/metadata.php/default-sp,0,HAS_LICENSE_SURFMARKET,0
https://login.ezproxy.elib11.ub.unimaas.nl/,0,NOT_NEEDED,0
google.com/a/rug.nl,0,HAS_LICENSE_SURFMARKET,0
google.com/a/student.utwente.nl,0,HAS_LICENSE_SURFMARKET,0
google.com/a/test.avans.nl,0,HAS_LICENSE_SURFMARKET,0
https://sp.eblib.com/shibboleth,0,UNKNOWN,0
https://datanose.nl/,0,NOT_NEEDED,1
https://test.itslearning.com/shibboleth,0,NOT_NEEDED,0
https://sportsandculture.tudelft.nl,0,NOT_NEEDED,0
https://login.rechtsorde.nl/,0,HAS_LICENSE_SURFMARKET,0
https://list.uva.nl/simplesaml/module.php/saml/sp/metadata.php/uva-mailman,0,NOT_NEEDED,0
urn:sme.muziekkwartier.nl,0,HAS_LICENSE_SP,0
https://dashboard.surfconext.nl,0,NOT_NEEDED,0
http://www.surfspot.nl/surfspot2/sp,0,NOT_NEEDED,0
http://corp.sts.microsoft.com,0,HAS_LICENSE_SURFMARKET,0
https://sp.accept.library.wur.nl/shibboleth,0,NOT_NEEDED,0
https://foodl.org/simplesaml/module.php/saml/sp/metadata.php/saml,0,NOT_NEEDED,0
https://intake-beheer.avans.nl/simplesamlphp/www/module.php/saml/sp/metadata.php/default-sp,0,NOT_NEEDED,0
https://intake.avans.nl/simplesamlphp/www/module.php/saml/sp/metadata.php/default-sp,0,NOT_NEEDED,0
https://sp.catalog.clarin.eu,0,NOT_NEEDED,0
http://sp.tst-onstage.xebic.com,0,HAS_LICENSE_SP,0
https://hanze.shop.canon-bs.nl,0,NOT_NEEDED,0
nl3358p-pss.planonsoftware.com,0,NOT_NEEDED,0
nl3358a-pss.planonsoftware.com,0,NOT_NEEDED,0
http://shibboleth.ebscohost.com,0,HAS_LICENSE_SP,0
https://shibboleth.bbaw.de/shibboleth,0,NOT_NEEDED,0
https://atlases.muni.cz/shibboleth,0,NOT_NEEDED,0
https://ssl1.peoplexs.com/Shibboleth.sso,0,HAS_LICENSE_SURFMARKET,0
https://www.service4mobility.com/europe,0,HAS_LICENSE_SP,0
https://www.itslearning.com/shibboleth,0,HAS_LICENSE_SURFMARKET,0
https://drive.surfcloud.nl/simplesaml/module.php/saml/sp/metadata.php/SURFconext,0,NOT_NEEDED,0
https://toetssuite.auth.law.uvt.nl/simplesaml/module.php/saml/sp/metadata.php/default-sp,0,HAS_LICENSE_SP,0
https://rechtinbeeld.auth.law.uvt.nl/simplesaml/module.php/saml/sp/metadata.php/default-sp,0,HAS_LICENSE_SP,0
https://pleitvoorbereid.auth.law.uvt.nl/simplesaml/module.php/saml/sp/metadata.php/default-sp,0,HAS_LICENSE_SP,0
https://juridischgesproken.auth.law.uvt.nl/simplesaml/module.php/saml/sp/metadata.php/default-sp,0,HAS_LICENSE_SP,0
https://cyberdam.auth.law.uvt.nl/simplesaml/module.php/saml/sp/metadata.php/default-sp,0,HAS_LICENSE_SP,0
https://juridischeinformatievaardigheden.auth.law.uvt.nl/simplesaml/module.php/saml/sp/metadata.php/default-sp,0,HAS_LICENSE_SP,0
https://cali.auth.law.uvt.nl/simplesaml/module.php/saml/sp/metadata.php/default-sp,0,HAS_LICENSE_SP,0
https://scriptiedossier.auth.law.uvt.nl/simplesaml/module.php/saml/sp/metadata.php/default-sp,0,HAS_LICENSE_SP,0
nl3358t-pss.planonsoftware.com,0,NOT_NEEDED,0
https://sdauth.sciencedirect.com/,0,HAS_LICENSE_SURFMARKET,0
aselect.entree.kennisnet.nl,0,NOT_NEEDED,0
https://pf.legalintelligence.com,0,HAS_LICENSE_SURFMARKET,0
http://elo.windesheim.nl,0,NOT_NEEDED,0
https://www.fontys-educatief.nl/simplesaml/module.php/saml/sp/metadata.php/default-sp,0,NOT_NEEDED,0
https://sp.corpus1.mpi.nl,0,NOT_NEEDED,0
https://weblicht.sfs.uni-tuebingen.de,0,NOT_NEEDED,0
https://portal.clarin.inl.nl/,0,NOT_NEEDED,0
https://clarin.ids-mannheim.de/shibboleth,0,NOT_NEEDED,0
https://ufal-point.mff.cuni.cz/shibboleth/eduid/sp,0,NOT_NEEDED,0
https://sharing.fontys-educatief.nl/shibboleth,0,HAS_LICENSE_SP,0
https://login.ezproxy.elib10.ub.unimaas.nl/,0,NOT_NEEDED,0
box.net,0,HAS_LICENSE_SURFMARKET,0
https://easy.dans.knaw.nl/shibboleth,0,NOT_NEEDED,0
https://filesender.surfshare.nl/simplesamlphp/module.php/saml/sp/metadata.php/default-sp,0,HAS_LICENSE_SURFMARKET,0
https://espee.surfnet.nl/saml2/sp,0,NOT_NEEDED,0
https://video.hanze.nl/user/authenticate,0,HAS_LICENSE_SURFMARKET,0
https://ifs.adp.nl/test01,0,NOT_NEEDED,0
https://scorion3.parantion.nl/simplesaml/module.php/saml/sp/metadata.php/saxion,0,HAS_LICENSE_SURFMARKET,0
https://www.desan.nl/net/hvarapportage,0,NOT_NEEDED,0
https://gast.hanze.nl:443/am,0,NOT_NEEDED,0
https://ifs.adp.nl/,0,HAS_LICENSE_SP,0
https://www.weblectures.hu.nl/p2g/,0,NOT_NEEDED,0
https://topdeskacc.ac.uva.nl/tas/public/,0,UNKNOWN,0
https://topdesk.ac.uva.nl/tas/public/,0,UNKNOWN,0
https://topdeskacc.ac.uva.nl/tas/secure/,0,UNKNOWN,0
https://topdesk.ac.uva.nl/tas/secure/,0,HAS_LICENSE_SP,0
https://csa.surfconext.nl,0,NOT_NEEDED,0
https://emea-auth1.oclcpica.org/shib/secure,0,NOT_NEEDED,0
https://www.ascis.nl/,0,HAS_LICENSE_SP,0
http://ru.nl/oamarket,0,NOT_NEEDED,0
https://devapi.acc.hsleiden.nl,0,NOT_NEEDED,0
https://bod2.surfnet.nl/shibboleth,0,NOT_NEEDED,0
https://acc-sts.hva.netricity.nl/adfs/services/trust,0,NOT_NEEDED,0
https://devapi.hsleiden.nl/shibboleth,0,NOT_NEEDED,0
https://api.hsleiden.nl,0,NOT_NEEDED,0
https://api.acc.hsleiden.nl/shibboleth,0,NOT_NEEDED,0
google.com/a/terenatest.org,0,NOT_NEEDED,0
https://auth.projectcamp.us/saml/service-provider/metadata,0,HAS_LICENSE_SURFMARKET,0
google.com/a/g-tudelft.nl,0,HAS_LICENSE_SURFMARKET,0
https://lawweb.surfspot.nl/simplesaml/module.php/saml/sp/metadata.php/saml,0,NOT_NEEDED,0
google.com/a/knaw.nl,0,NOT_NEEDED,0
https://uva.sowiso.nl/simplesaml/module.php/saml/sp/metadata.php/SURF-sp,1,NOT_NEEDED,0
https://uva-hvatest.topdesk.net/tas/public/,0,NOT_NEEDED,0
https://uva-hvatest.topdesk.net/tas/secure/,0,UNKNOWN,0
https://apis.surfconext.nl/client/client.html,0,NOT_NEEDED,0
https://apis.surfconext.nl,0,NOT_NEEDED,0
https://wikiwijs.nl/entree,0,NOT_NEEDED,0
https://estore.ictenonderwijslab.nl/simplesaml/module.php/saml/sp/metadata.php/default-sp,0,NOT_NEEDED,0
https://support.surfconext.nl/simplesaml/module.php/saml/sp/metadata.php/default-sp,0,NOT_NEEDED,0
https://DEMO-SC.presentations2go.eu/P2G/,0,NOT_NEEDED,0
http://federation.tudelft.nl/adfs/services/trust,0,NOT_NEEDED,0
https://intranet.acc.hsleiden.nl,0,NOT_NEEDED,0
https://www.webinar.surf.nl/simplesaml/module.php/saml/sp/metadata.php/default-sp,0,NOT_NEEDED,0
https://intranet.hsleiden.nl,0,NOT_NEEDED,0
https://www.rationaleonline.com/,0,HAS_LICENSE_SURFMARKET,0
https://oiem.stenden.com/simplesaml/module.php/saml/sp/metadata.php/stenden,0,NOT_NEEDED,0
https://crowd.surfnet.nl/shibboleth,0,NOT_NEEDED,0
https://bod.netherlight.net/bod-authorization-server,0,NOT_NEEDED,0
https://bod2.surfnet.nl/bod-authorization-server,0,NOT_NEEDED,0
https://www.swetswise.com/shibboleth,0,NOT_NEEDED,0
https://webmail.ahk.nl/simplesaml/module.php/saml/sp/metadata.php/default-sp,0,NOT_NEEDED,0
https://han.plusport.com,0,NOT_NEEDED,0
https://bod.netherlight.net/shibboleth,0,NOT_NEEDED,0
https://rt.niif.hu/shibboleth,0,NOT_NEEDED,0
https://aai-viewer.switch.ch/shibboleth,0,NOT_NEEDED,0
https://aai-viewer.switch.ch/interfederation-test/shibboleth,0,NOT_NEEDED,0
https://ricevi.ct.infn.it/shibboleth,0,NOT_NEEDED,0
https://applications.eu-decide.eu/shibboleth,0,NOT_NEEDED,0
https://applications.eumedgrid.eu/shibboleth,0,NOT_NEEDED,0
https://gisela-gw.ct.infn.it/shibboleth,0,NOT_NEEDED,0
https://indicate-gw.consorzio-cometa.it/shibboleth,0,NOT_NEEDED,0
https://gidp.geant.net/sp/module.php/saml/sp/metadata.php/default-sp,0,NOT_NEEDED,0
https://sp-test.swamid.se/shibboleth,0,NOT_NEEDED,0
https://openwiki.uninett.no/simplesaml/module.php/saml/sp/metadata.php/default-sp,0,NOT_NEEDED,0
https://forge.switch.ch/shibboleth,0,NOT_NEEDED,0
https://monitor.eduroam.org/sp/module.php/saml/sp/metadata.php/default-sp,0,NOT_NEEDED,0
https://connect.sunet.se/shibboleth,0,NOT_NEEDED,0
https://sp.swamid.se/shibboleth,0,NOT_NEEDED,0
https://wiki.edugain.org/shibboleth,0,NOT_NEEDED,0
https://test.ukfederation.org.uk/entity,0,NOT_NEEDED,0
https://ste.iqualify.nl/SAML2,0,HAS_LICENSE_SP,0
https://printshop.che.nl,1,NOT_NEEDED,0
https://hanze.presentations2go.eu/p2g/,0,HAS_LICENSE_SURFMARKET,0
https://elo.deltion.nl,0,NOT_NEEDED,0
http://klanten.presenterswall.nl/simplesaml/module.php/saml/sp/metadata.php/SURFconext,0,HAS_LICENSE_SURFMARKET,0
https://accounts.okeanos-global.grnet.gr/shibboleth,0,NOT_NEEDED,0
https://www.fontysrelatiegeschenken.nl/simplesaml/module.php/saml/sp/metadata.php/saml,1,NOT_NEEDED,0
https://core.uwap.org/simplesaml/module.php/saml/sp/metadata.php/default-sp,0,NOT_NEEDED,0
https://aventus.educatienet.nl/,0,NOT_NEEDED,0
https://datanose.nl:34005/,0,NOT_NEEDED,1
https://info.acc.hsleiden.nl,0,NOT_NEEDED,0
https://info.hsleiden.nl,0,NOT_NEEDED,0
https://www.amc.informens.nl/simplesaml/module.php/saml/sp/metadata.php/default-sp,0,NOT_NEEDED,0
https://saml.schrijfwijzer.nl,0,HAS_LICENSE_SURFMARKET,0
https://www.fnwi-phddatabase.uva.nl/simplesaml/,0,NOT_NEEDED,0
https://secure.feedbackfruits.com/auth/surfconext/metadata,0,HAS_LICENSE_SURFMARKET,0
https://invoer-readers-test.uba.uva.nl/simplesaml/module.php/saml/sp/metadata.php/default-sp,0,NOT_NEEDED,0
https://secure.huygens.knaw.nl,0,NOT_NEEDED,0
http://ontwikkelstudent.progressnet.nl/oauth,0,NOT_NEEDED,0
http://student.progressnet.nl/oauth,0,NOT_NEEDED,0
http://teststudent.progressnet.nl/oauth,0,NOT_NEEDED,0
https://registration.irmacard.org/simplesaml/module.php/saml/sp/metadata.php/surfnet,0,HAS_LICENSE_SP,0
https://www.elabjournal.com/,0,NOT_NEEDED,0
https://toetsvideo.hu.nl/p2g/,0,NOT_NEEDED,0
https://monitor.surfconext.nl,0,HAS_LICENSE_SP,0
https://monitoring-sp,0,NOT_NEEDED,0
http://sp.lat.csc.fi,0,NOT_NEEDED,0
https://kite.amolf.nl/authentication/sp/metadata,0,NOT_NEEDED,0
https://www.meertens.knaw.nl/Shibboleth.sso/Metadata,0,NOT_NEEDED,0
https://www.wenmr.eu/simplesaml/module.php/saml/sp/metadata.php/SURFconext,0,HAS_LICENSE_SP,0
https://kite.amolf.nl/shibboleth,0,HAS_LICENSE_SP,0
https://onderwijsgroeptilburg.topdesk.net/tas/public/,0,NOT_NEEDED,0
https://tentamenlade.sowiso.nl,1,HAS_LICENSE_SP,0
https://drive.surfcloud.nl/,0,NOT_NEEDED,0
https://wurtv.wur.nl/p2g/,0,NOT_NEEDED,0
https://staging-ggzkp.by-esn.com/simplesaml/module.php/saml/sp/metadata.php/default-sp,0,NOT_NEEDED,0
https://surf.mediafiler.net,0,NOT_NEEDED,0
https://fontys.mediafiler.net,0,NOT_NEEDED,0
https://mu.lms.crossknowledge.com/libs/simplesaml/www/module.php/saml/sp/metadata.php/SAML2-3,0,NOT_NEEDED,0
https://uva-hvaacceptatie.topdesk.net/tas/public/,0,NOT_NEEDED,0
https://uva-hvaacceptatie.topdesk.net/tas/secure/,0,NOT_NEEDED,0
http://www.unesco-ihe.org/simplesaml/module.php/saml/sp/metadata.php/default-sp,0,NOT_NEEDED,0
https://www.unesco-ihe.org/simplesaml/module.php/saml/sp/metadata.php/default-sp,0,NOT_NEEDED,0
https://media.test.zuyd.nl/p2g/,0,NOT_NEEDED,0
https://avans-uat.mediasalsa.eu/simplesamlphp/module.php/saml/sp/metadata.php/mediasalsa-avans,0,NOT_NEEDED,0
https://www.ggzkennisplein.nl/simplesaml/module.php/saml/sp/metadata.php/default-sp,0,NOT_NEEDED,0
https://media.zuyd.nl/p2g/,0,HAS_LICENSE_SURFMARKET,0
https://topdesk.stenden.com/tas/public/,0,NOT_NEEDED,0
https://topdesk.stenden.com/tas/secure/,0,NOT_NEEDED,0
https://webhare.sites.utwente.net/tollium_todd.res/utwente_base/saml,0,NOT_NEEDED,0
https://auth.ecloud.vumc.nl/wayf/module.php/saml/sp/metadata.php/default-sp,0,NOT_NEEDED,0
https://stats.surfconext.nl/simplesaml/module.php/saml/sp/metadata.php/default-sp,0,NOT_NEEDED,0
https://ssl2.peoplexs.com/Shibboleth.sso,0,NOT_NEEDED,0
https://hr2day-3376.cloudforce.com/,0,NOT_NEEDED,0
https://auth.innovatievooronderwijs.nl/simplesaml/module.php/saml/sp/metadata.php/default-sp,0,HAS_LICENSE_SP,0
https://bod.acc.dlp.surfnet.nl/bod-authorization-server,0,NOT_NEEDED,0
https://bod.acc.dlp.surfnet.nl/shibboleth,0,NOT_NEEDED,0
https://crowd-test.surfnet.nl/shibboleth,0,NOT_NEEDED,0
https://primo.library.wur.nl/shib,0,NOT_NEEDED,0
https://www.mobipres.nl/simplesaml/module.php/saml/sp/metadata.php/default-sp,0,HAS_LICENSE_SP,0
https://www.utwente.nl/tollium_todd.res/utwente_base/saml,0,NOT_NEEDED,0
https://cloud.surfspot.nl/simplesaml/module.php/saml/sp/metadata.php/saml,0,NOT_NEEDED,0
https://invoer-readers.uva.nl/simplesaml/module.php/saml/sp/metadata.php/default-sp,0,NOT_NEEDED,0
https://uithof.testvision.nl/online/services/SAML.svc,0,NOT_NEEDED,0
https://start.demo.openconext.org/simplesaml/module.php/saml/sp/metadata.php/default-sp,0,NOT_NEEDED,0
https://avans.mediasalsa.eu/simplesamlphp/module.php/saml/sp/metadata.php/mediasalsa-avans,0,NOT_NEEDED,0
https://simplesaml.evalytics.nl/simplesaml/module.php/saml/sp/metadata.php/default-sp,0,HAS_LICENSE_SURFMARKET,0
https://unesco-ihe.idm.oclc.org/shibboleth,0,NOT_NEEDED,0
https://connect-beta.sunet.se/shibboleth,0,NOT_NEEDED,0
https://webinar.nordu.net/shibboleth,0,NOT_NEEDED,0
https://openskos.meertens.knaw.nl/shibboleth,0,NOT_NEEDED,0
https://utrecht.surfcloud.nl/shibboleth,0,NOT_NEEDED,0
https://geoplaza.vu.nl/simplesamlphp/module.php/saml/sp/metadata.php/default-sp,0,NOT_NEEDED,0
https://nyenrode.shop.canon-bs.nl,1,NOT_NEEDED,0
https://infra.clarin.dk/shibboleth,0,NOT_NEEDED,0
https://www.evapilot.nl/simplesaml/module.php/saml/sp/metadata.php/default-sp,0,HAS_LICENSE_SP,0
https://surfconext.youforce.biz/sp1,0,HAS_LICENSE_SP,0
https://surfmarket.bbvms.com/simplesaml/module.php/saml/sp/metadata.php/SURFconext,0,HAS_LICENSE_SURFMARKET,0
https://leo.ic.uva.nl/simplesaml/module.php/saml/sp/metadata.php/SURFconext,0,NOT_NEEDED,0
http://weblogin.dante.net/adfs/services/trust,0,NOT_NEEDED,0
http://uat-adfs.geant.net/adfs/services/trust,0,NOT_NEEDED,0
https://filesender.redclara.net/simplesaml/module.php/saml/sp/metadata.php/default-sp,0,NOT_NEEDED,0
https://sivic.redclara.net/shibboleth,0,NOT_NEEDED,0
https://dev1.redclara.net/shibboleth,0,NOT_NEEDED,0
https://wiki2.redclara.net/shibboleth,0,NOT_NEEDED,0
https://www.karger.com/shibboleth,0,HAS_LICENSE_SURFMARKET,0
https://readers.uva.nl/simplesaml/module.php/saml/sp/metadata.php/default-sp,0,NOT_NEEDED,0
https://science-owl.nl/,0,NOT_NEEDED,0
https://pilot.aai.surfnet.nl/contents/plugins/saml-20-single-sign-on/saml/www/module.php/saml/sp/metadata.php/1,0,NOT_NEEDED,0
http://roosterontw.windesheim.nl/webuntis/saml/metadata,0,NOT_NEEDED,0
http://weblogin2.geant.net/adfs/services/trust,0,NOT_NEEDED,0
https://test-etalage.rug.nl/admin,0,NOT_NEEDED,0
https://pure.rug.nl/admin,0,NOT_NEEDED,0
https://multimedia.wur.nl/p2g/,0,NOT_NEEDED,0
https://surfdrive.surf.nl/,0,HAS_LICENSE_SP,0
https://sp.korp.csc.fi/,0,NOT_NEEDED,0
http://www.qoam.eu/sp/prd,0,NOT_NEEDED,0
https://raadpleging.orcagroup.com/saml/surfconext/metadata,0,HAS_LICENSE_SP,0
https://meta.cesnet.cz/sp/shibboleth,0,NOT_NEEDED,0
https://sso.xedule.nl,0,HAS_LICENSE_SP,0
https://metisacc.ru.nl/federation/login/personalmetis,0,NOT_NEEDED,0
https://support.surfconext.nl/simplesaml/module.php/saml/sp/metadata.php/vo-sp,0,HAS_LICENSE_SP,0
https://metis.ru.nl/federation/login/personalmetis,0,NOT_NEEDED,0
https://meta.cesnet.cz/oauth/client,0,NOT_NEEDED,0
https://surfsharekit.nl/shibboleth,0,HAS_LICENSE_SP,0
https://www.hogeschoolvhl.nl/Intranet/,0,HAS_LICENSE_SP,0
https://dataverse.nl/shibboleth,0,NOT_NEEDED,0
https://smdmmsbprd.ic.uva.nl/simplesaml/module.php/saml/sp/metadata.php/default-sp,0,NOT_NEEDED,0
https://saml.www.vandale.nl,0,HAS_LICENSE_SURFMARKET,0
https://www.qoam.eu/,0,NOT_NEEDED,0
https://bblstaging.hanze.nl/shibboleth-sp,0,NOT_NEEDED,0
https://vitalitymaastrichtuniversity.lms.crossknowledge.com/libs/simplesaml/www/module.php/saml/sp/metadata.php/SAML2-4,0,NOT_NEEDED,0
https://nhtv.presentations2go.eu/P2G/,0,HAS_LICENSE_SURFMARKET,0
https://blackboard.hanze.nl/shibboleth-sp,0,NOT_NEEDED,0
https://www.openconext.org/simplesaml/module.php/saml/sp/metadata.php/default-sp,0,NOT_NEEDED,0
https://pad-shib.hosted.exlibrisgroup.com/shib,0,NOT_NEEDED,0
https://umcutrecht.mediamission.nl/Mediasite,0,HAS_LICENSE_SURFMARKET,0
https://repos.ids-mannheim.de/shibboleth,0,NOT_NEEDED,0
http://natschool.clusius.nl,0,NOT_NEEDED,0
https://video.saxion.nl,0,NOT_NEEDED,0
https://leernetwerkinholland.nl/simplesaml/module.php/saml/sp/metadata.php/moodle,0,NOT_NEEDED,0
https://tddn.dans.knaw.nl/shibboleth,0,NOT_NEEDED,0
https://www.coachlinkhogeronderwijs.nl,0,HAS_LICENSE_SURFMARKET,0
https://www.qoam.eu/acc/,0,NOT_NEEDED,0
https://dmsonline.uvt.nl/nl/home,0,NOT_NEEDED,0
http://development.learningcentre.nl/simplesaml/module.php/saml/sp/metadata.php/default-sp,0,NOT_NEEDED,0
https://mijnpas.zadkine.nl/simplesamlphp/www/module.php/saml/sp/metadata.php/default-sp,0,NOT_NEEDED,0
https://pureacc.knaw.nl/admin,0,NOT_NEEDED,0
https://pure.knaw.nl/admin,0,NOT_NEEDED,0
kb:dummy,0,NOT_NEEDED,0
https://lijst.hva.nl/simplesaml/module.php/saml/sp/metadata.php/hva-mailman,0,NOT_NEEDED,0
https://np.shop.canon-bs.nl,1,NOT_NEEDED,0
https://dms.utwente.nl/,0,NOT_NEEDED,0
nl1198a-web.planonsoftware.com,0,NOT_NEEDED,0
nl1198a-pss.planonsoftware.com,0,NOT_NEEDED,0
google.com/a/surfmarket.nl,0,HAS_LICENSE_SURFMARKET,0
https://webmail.qaleido.com/simplesaml/module.php/saml/sp/metadata.php/Qaleido-sp,0,HAS_LICENSE_SURFMARKET,0
https://rooster.avans.nl/simplesaml/module.php/saml/sp/metadata.php/default-sp,0,HAS_LICENSE_SP,0
https://aclosport.rug.nl/,0,NOT_NEEDED,0
urn:nl:eherkenning:HM:00000003380132260000:entities:0006,0,HAS_LICENSE_SURFMARKET,0
https://www.nederlab.nl/shibboleth,0,NOT_NEEDED,0
https://uva-hva.topdesk.net/tas/public/,0,NOT_NEEDED,0
https://uva-hva.topdesk.net/tas/secure/,0,NOT_NEEDED,0
http://www.exedrasoftware.nl,0,UNKNOWN,0
urn:nl:eherkenning:HM:00000003380132260000:entities:7006,0,NOT_NEEDED,0
https://saxion.idm.oclc.org/shibboleth,0,NOT_NEEDED,0
https://www.rechtspositie.info/sso/logoncallback,1,HAS_LICENSE_SP,0
https://www.qoam.eu/tst/,0,NOT_NEEDED,0
nl1198p-pss.planonsoftware.com,0,NOT_NEEDED,0
nl1198p-web.planonsoftware.com,0,NOT_NEEDED,0
https://www.fit4uu.nl/simplesaml/module.php/saml/sp/metadata.php/default-sp,0,NOT_NEEDED,0
https://wordpress.fontys.nl/simplesaml/module.php/saml/sp/metadata.php/default-sp,0,NOT_NEEDED,0
https://bfl.inholland.nl/simplesaml/module.php/saml/sp/metadata.php/bfl,0,NOT_NEEDED,0
https://rijnijssel.educator.eu/saml/SSO/alias/defaultAlias,0,NOT_NEEDED,0
https://hubl.hu.nl/simplesaml/module.php/saml/sp/metadata.php/default-sp,0,NOT_NEEDED,0
https://gckd.manualmaker.nl/simplesaml/www/module.php/saml/sp/metadata.php/surfnet-sp-live,0,NOT_NEEDED,0
https://gchoreca.manualmaker.nl/simplesaml/www/module.php/saml/sp/metadata.php/surfnet-sp-live,0,NOT_NEEDED,0
https://filesender.cesnet.cz/saml/sp,0,NOT_NEEDED,0
https://www.researchprofessional.com/shibboleth,0,HAS_LICENSE_SP,0
https://dnp.simulise.com/saml/metadata,0,HAS_LICENSE_SP,0
https://staging.simulise.com/saml/metadata,0,NOT_NEEDED,0
https://spaces.internet2.edu/shibboleth,0,NOT_NEEDED,0
https://rems.elixir-finland.org/shibboleth,0,NOT_NEEDED,0
https://saml-prod.loopbaanportaal.nl/module.php/saml/sp/metadata.php/surfnet_production-sp,0,NOT_NEEDED,0
https://saml-prod.loopbaanportaal.nl/module.php/saml/sp/metadata.php/nhl_surfnet_production-sp,0,NOT_NEEDED,0
https://referencelist-test.library.maastrichtuniversity.nl/Shibboleth.sso,0,NOT_NEEDED,0
https://saml-prod.loopbaanportaal.nl/module.php/saml/sp/metadata.php/radboud_surfnet_production-sp,0,NOT_NEEDED,0
https://attribute-viewer.aai.switch.ch/shibboleth,0,NOT_NEEDED,0
https://login.ezproxy.ub.unimaas.nl/,0,NOT_NEEDED,0
http://windesheim-ra.aai.surfnet.nl/saml/metadata,0,NOT_NEEDED,0
https://windesheim-gw.aai.surfnet.nl/metadata.php,0,NOT_NEEDED,0
http://sts.deltion.nl/adfs/services/trust/alias,0,NOT_NEEDED,0
https://video.hvhl.nl/p2g/,0,NOT_NEEDED,0
https://videoportal.viaa.nl/p2g/,0,HAS_LICENSE_SURFMARKET,0
https://webshop.stenden.com/shibboleth,0,NOT_NEEDED,0
https://smartsecureyourself.nl,0,HAS_LICENSE_SURFMARKET,0
https://beta.takenplaatje.nl/simplesaml/module.php/saml/sp/metadata.php/default-sp,0,HAS_LICENSE_SURFMARKET,0
https://www.zuydnet.nl/saml/metadata/alias/hs-zuyd-intranet,0,NOT_NEEDED,0
https://www.ebi.ac.uk/ega/,0,NOT_NEEDED,0
https://engine.connect-test.surfconext.nl/authentication/sp/metadata,0,NOT_NEEDED,0
https://engine.connect.surfconext.nl/authentication/sp/metadata,0,NOT_NEEDED,0
https://mijn.competentiecv.nl/saml2/metadata/,0,HAS_LICENSE_SP,0
https://unescoihe.educator.eu/saml/SSO/alias/defaultAlias,0,NOT_NEEDED,0
https://clarin.phonetik.uni-muenchen.de,0,NOT_NEEDED,0
https://clarin.oeaw.ac.at/shibboleth,0,NOT_NEEDED,0
https://ekrksso.keeleressursid.ee/simplesaml/module.php/saml/sp/metadata.php/ekrk-sp,0,NOT_NEEDED,0
https://talkbank.talkbank.org/shibboleth,0,NOT_NEEDED,0
https://clarino.uib.no/,0,NOT_NEEDED,0
https://eduvpn.surfcloud.nl/saml,0,HAS_LICENSE_SP,0
https://staging.researchprofessional.com/shibboleth,0,HAS_LICENSE_SP,0
https://connect.its.uu.nl/simplesaml/module.php/saml/sp/metadata.php/default-sp,0,NOT_NEEDED,0
https://tools.surfconext.nl/simplesaml/module.php/saml/sp/metadata.php/default-sp,0,NOT_NEEDED,0
https://stats.surfconext.nl/simplesaml/module.php/saml/sp/metadata.php/surfconext,0,NOT_NEEDED,0
https://conextme.amolf.nl/shibboleth,0,HAS_LICENSE_SP,0
https://engine.egipilot.lab.surf.net/authentication/sp/metadata,0,NOT_NEEDED,0
https://proxy.library.uu.nl,0,NOT_NEEDED,0
https://fontys.proactisp2p.com,0,HAS_LICENSE_SP,0
https://www.fontyskaart.nl/simplesamlphp/www/module.php/saml/sp/metadata.php/default-sp,1,NOT_NEEDED,0
https://rbauth.scientia.com/Metadata/SamlMetadata,0,HAS_LICENSE_SP,0
https://shib-sp.unity.ac/shibboleth,0,NOT_NEEDED,0
https://support.surfconext.nl/simplesaml-spform/module.php/saml/sp/metadata.php/default-sp,0,NOT_NEEDED,0
https://sso.ft.com/sso/sp/oa/metadata,0,UNKNOWN,0
NL3358A-web.planonsoftware.com,0,NOT_NEEDED,0
https://az.hva.nl/saml/metadata,0,NOT_NEEDED,0
https://uportal.edia.nl,0,NOT_NEEDED,0
https://crmmaatwerkap.che.nl/Productie/Stageportal,0,NOT_NEEDED,0
https://saml-prod.loopbaanportaal.nl/module.php/saml/sp/metadata.php/skp_leiden_surfnet_production-sp,0,NOT_NEEDED,0
https://hbcj.login.em2.oraclecloud.com/fed/sp,0,NOT_NEEDED,0
https://dev.clarin.nl/shibboleth,0,NOT_NEEDED,0
https://windesheimreaders.shop.canon-bs.nl,0,NOT_NEEDED,0
https://shibboleth.coursera.org/sp,0,UNKNOWN,0
https://eva.eduroam.nl/simplesaml/module.php/saml/sp/metadata.php/default-sp,0,HAS_LICENSE_SP,0
https://cloud.sowiso.nl/simplesaml/module.php/saml/sp/metadata.php/SURF-sp,1,HAS_LICENSE_SP,0
https://connectis-sso.staging.federatenow.net/broker/sso/tpd,0,UNKNOWN,0
https://sso.connectis.nl/broker/sso/tpd-surf,0,UNKNOWN,0
https://attribute-viewer.aai.switch.ch/interfederation-test/shibboleth,0,NOT_NEEDED,0
NL3358P-web.planonsoftware.com,0,NOT_NEEDED,0
https://leidenuniv.mediasite.com/Mediasite,0,HAS_LICENSE_SURFMARKET,0
https://sso.12change.eu/endpoints/metadata.php,0,HAS_LICENSE_SURFMARKET,0
https://hva-ac-acc.topdesk.net/tas/public/login/verify,0,UNKNOWN,0
https://hva-ac-acc.topdesk.net/tas/secure/login/verify,0,UNKNOWN,0
https://uva-ac-acc.topdesk.net/tas/public/login/verify,0,UNKNOWN,0
https://uva-ac-acc.topdesk.net/tas/secure/login/verify,0,UNKNOWN,0
https://www.epnuffic-next.nl/simplesaml/module.php/saml/sp/metadata.php/default-sp,0,NOT_NEEDED,0
https://www.openonderwijsapi.nl/simplesaml/module.php/saml/sp/metadata.php/default-sp,0,NOT_NEEDED,0
https://mediatestserver.hr.nl/p2g/,0,HAS_LICENSE_SURFMARKET,0
https://bbtest.rocmn.nl/shibboleth,0,NOT_NEEDED,0
https://engine.t.eduteams.org/authentication/sp/metadata,0,HAS_LICENSE_SP,0
https://intranet.mumc.maastrichtuniversity.nl/simplesaml/module.php/saml/sp/metadata.php/SURFconext,0,NOT_NEEDED,0
https://artez.getbynder.com,0,NOT_NEEDED,0
http://login.ad.surfnet.nl/adfs/services/trust,0,NOT_NEEDED,0
https://gw-astronomy.org/shibboleth-sp,0,NOT_NEEDED,0
https://gw-astronomy.org/lists/shibboleth-sp,0,NOT_NEEDED,0
https://gw-astronomy.org/wiki/shibboleth-sp,0,NOT_NEEDED,0
urn:dummy:kb.nl,0,NOT_NEEDED,0
https://netherlight.acc.dlp.surfnet.nl/shibboleth,0,NOT_NEEDED,0
https://ukb-shib.hosted.exlibrisgroup.com/shib,0,NOT_NEEDED,0
https://www.crossover.zone,0,NOT_NEEDED,0
https://catalogue.clouds.geant.net/saml2/entityid,0,NOT_NEEDED,0
https://www.let.rug.nl/~alfa/sp/metadata,0,HAS_LICENSE_SP,0
https://test-eur.converis.thomsonreuters.com/shibboleth,0,HAS_LICENSE_SP,0
https://wurtv1.wur.nl/p2g/,0,NOT_NEEDED,0
https://fontys-nl.mediasite.com/Mediasite,0,HAS_LICENSE_SURFMARKET,0
https://uvanose-acc01.ic.uva.nl/shibboleth,0,NOT_NEEDED,0
https://hva-icts-test.topdesk.net/tas/public/login/verify,0,NOT_NEEDED,0
https://hva-icts-test.topdesk.net/tas/secure/login/verify,0,NOT_NEEDED,0
https://uva-icts-test.topdesk.net/tas/public/login/verify,0,NOT_NEEDED,0
https://uva-icts-test.topdesk.net/tas/secure/login/verify,0,NOT_NEEDED,0
https://school.surfspot.nl/simplesaml/module.php/saml/sp/metadata.php/saml,0,HAS_LICENSE_SP,0
https://eur.converis.thomsonreuters.com/shibboleth,0,HAS_LICENSE_SP,0
https://cc1-utr.surfnet.cybera.ca/shibboleth,0,NOT_NEEDED,0
https://hva-nl.mediasite.com/Mediasite,0,HAS_LICENSE_SURFMARKET,0
https://nhtv.eu.qualtrics.com/WRSAML/simplesaml/www/module.php/saml/sp/metadata.php/default-sp,0,HAS_LICENSE_SP,0
https://umcutrecht-nl.mediasite.com/Mediasite,0,HAS_LICENSE_SURFMARKET,0
https://printshop.stenden.com,1,NOT_NEEDED,0
https://bb.rocmn.nl/shibboleth,0,NOT_NEEDED,0
https://surfspot.nl/simplesaml/module.php/saml/sp/metadata.php/saml,0,NOT_NEEDED,0
https://www.surfspot.nl/simplesaml/module.php/saml/sp/metadata.php/saml,0,NOT_NEEDED,0
https://surfdrive-acc.surf.nl/,0,HAS_LICENSE_SP,0
https://saml-prod.loopbaanportaal.nl/module.php/saml/sp/metadata.php/roc_mondriaan_surfnet_production-sp,0,NOT_NEEDED,0
https://uva-icts-acc.topdesk.net/tas/public/login/verify,0,NOT_NEEDED,0
https://uva-icts-acc.topdesk.net/tas/secure/login/verify,0,NOT_NEEDED,0
https://hva-icts-acc.topdesk.net/tas/public/login/verify,0,NOT_NEEDED,0
https://hva-icts-acc.topdesk.net/tas/secure/login/verify,0,NOT_NEEDED,0
https://leernetwerkeducatie.nl/simplesaml/module.php/saml/sp/metadata.php/robocompo,0,NOT_NEEDED,0
https://robocompo.nl/simplesaml/module.php/saml/sp/metadata.php/robocompo,0,NOT_NEEDED,0
https://tas.fhict.nl/identity/saml2/metadata,0,NOT_NEEDED,0
https://uva-icts.topdesk.net/tas/secure/login/verify,0,NOT_NEEDED,0
https://uva-icts.topdesk.net/tas/public/login/verify,0,NOT_NEEDED,0
https://hva-icts.topdesk.net/tas/secure/login/verify,0,NOT_NEEDED,0
https://hva-icts.topdesk.net/tas/public/login/verify,0,NOT_NEEDED,0
https://fontysfeht.eu.qualtrics.com/WRSAML/simplesaml/www/module.php/saml/sp/metadata.php/default-sp,0,HAS_LICENSE_SP,0
http://adfs.geant.org/adfs/services/trust,0,NOT_NEEDED,0
https://www.learningcentre.nl/simplesaml/module.php/saml/sp/metadata.php/default-sp,0,NOT_NEEDED,0
https://admin.learningcentre.nl/simplesaml/module.php/saml/sp/metadata.php/default-sp,0,NOT_NEEDED,0
http://fs.itandcare.nl/adfs/services/trust,0,HAS_LICENSE_SP,0
https://engine.eduteams.org/authentication/sp/metadata,0,HAS_LICENSE_SP,0
https://surfnet-nl.mediasite.com/Mediasite,0,HAS_LICENSE_SURFMARKET,0
https://connect.fontysbent.nl/shibboleth,0,HAS_LICENSE_SP,0
https://www.surfspot.nl/websso/metadata?idp=onegini,0,NOT_NEEDED,0
http://sso.2at.net/adfs/services/trust,0,NOT_NEEDED,0
https://rocmn.blackboard.com/shibboleth-sp,0,NOT_NEEDED,0
https://gateway.pilot.stepup.surfconext.nl/authentication/metadata,0,HAS_LICENSE_SP,1
https://selfservice.pilot.stepup.surfconext.nl/authentication/metadata,0,HAS_LICENSE_SP,1
https://ra.pilot.stepup.surfconext.nl/authentication/metadata,0,HAS_LICENSE_SP,1
https://rendez-vous.renater.fr/shibboleth,0,NOT_NEEDED,0
https://wmowerkplaatsnh.nl/simplesaml/module.php/saml/sp/metadata.php/wmowerkplaatsnh,0,NOT_NEEDED,0
https://nyenrode.crosscampus.nl/saml,0,HAS_LICENSE_SP,0
https://um-test.brand-spot.net/simplesaml/module.php/saml/sp/metadata.php/surfconext,0,HAS_LICENSE_SP,0
https://um.brand-spot.net/simplesaml/module.php/saml/sp/metadata.php/surfconext,0,HAS_LICENSE_SP,0
https://uva.mapiq.net,0,NOT_NEEDED,0
https://hcid.login.em2.oraclecloud.com/fed,0,NOT_NEEDED,0
https://bb.rocmn.nl/shibboleth-sp,0,NOT_NEEDED,0
https://www.digicert.com/sso,0,HAS_LICENSE_SP,0
https://leo.ic.uva.nl/shibboleth,0,HAS_LICENSE_SP,0
https://secure-apis.uva.nl/,0,NOT_NEEDED,0
https://www.ccreader.nl/simplesaml/module.php/saml/sp/metadata.php/default-sp,0,NOT_NEEDED,0
https://vilentum.presentations2go.eu/P2G/,0,HAS_LICENSE_SURFMARKET,0
https://eaplab.supplicants.net/simplesaml/module.php/saml/sp/metadata.php/default-sp,0,NOT_NEEDED,0
https://sso.siropglobal.org/shibboleth,0,NOT_NEEDED,0
https://hva-ac.topdesk.net/tas/public/login/verify,0,UNKNOWN,0
https://hva-ac.topdesk.net/tas/secure/login/verify,0,HAS_LICENSE_SP,0
https://uva-ac.topdesk.net/tas/public/login/verify,0,UNKNOWN,0
https://uva-ac.topdesk.net/tas/secure/login/verify,0,UNKNOWN,0
https://documents-test.library.maastrichtuniversity.nl/Shibboleth.sso,0,NOT_NEEDED,0
NL3358T-web.planonsoftware.com,0,NOT_NEEDED,0
https://shibtestsp.pt-27.utr.surfcloud.nl/shibboleth,0,NOT_NEEDED,0
https://telcoview.releasetms.com/saml_SURFnet_meta_get/module.php/saml/sp/metadata.php/SURFnetQaTvSp,0,HAS_LICENSE_SP,0
https://met.refeds.org/saml2/metadata/,0,NOT_NEEDED,0
https://elearning.elevatehealth.eu/simplesaml/module.php/saml/sp/metadata.php/SURFconext,0,HAS_LICENSE_SP,0
https://stats.netherlight.net/simplesaml/module.php/saml/sp/metadata.php/default-sp,0,NOT_NEEDED,0
https://hanze.p2p-portal.nl,0,NOT_NEEDED,0
https://fdr.maastrichtuniversity.nl/simplesamlphp/www/module.php/saml/sp/metadata.php/default-sp,0,NOT_NEEDED,0
https://blog.surfnet.nl/simplesaml,0,NOT_NEEDED,0
https://fhs.maastrichtuniversity.nl/simplesamlphp/www/module.php/saml/sp/metadata.php/default-sp,0,NOT_NEEDED,0
https://fontys.shop.canon-bs.nl,0,NOT_NEEDED,0
https://fontys.crosscampus.nl/saml,0,NOT_NEEDED,0
https://wurtv2.wur.nl/p2g/,0,HAS_LICENSE_SURFMARKET,0
https://remindoconnect.com/saml/module.php/saml/sp/metadata.php/41-surfconext_avans,0,NOT_NEEDED,0
https://ru.idm.oclc.org/shibboleth,0,NOT_NEEDED,0
https://beta.surfnet.nl/simplesaml/module.php/saml/sp/metadata.php/surfconext,0,NOT_NEEDED,0
https://testing.epnuffic-next.nl/simplesaml/module.php/saml/sp/metadata.php/default-sp,0,NOT_NEEDED,0
https://inholland.idm.oclc.org/shibboleth,0,NOT_NEEDED,0
https://www.mijnbabs.nl/iBabsMaintenance,0,HAS_LICENSE_SURFMARKET,0
https://vu-nl.idm.oclc.org/shibboleth,0,NOT_NEEDED,0
https://atlas.rocva.nl/Proquro_Rocva_Prod,0,NOT_NEEDED,0
https://stats.surfconext.nl/simplesaml-test/module.php/saml/sp/metadata.php/default-sp,0,HAS_LICENSE_SP,0
https://beheer.surfdrive.nl/simplesaml/module.php/saml/sp/metadata.php/SURFconext,0,HAS_LICENSE_SP,0
https://reports4students.uva.nl:443/secure/,0,NOT_NEEDED,0
https://dmponline.dcc.ac.uk/shibboleth,0,NOT_NEEDED,0
https://tudelft.idm.oclc.org/shibboleth,0,NOT_NEEDED,0
https://documents.library.maastrichtuniversity.nl/shibboleth.sso,0,NOT_NEEDED,0
https://epsp.eur.nl/simplesaml/module.php/saml/sp/metadata.php/default-sp,0,NOT_NEEDED,0
https://windesheimreader.shop.canon.nl,1,NOT_NEEDED,0
https://epnuffic-test.topdesk.net/tas/public/login/verify,0,NOT_NEEDED,0
https://epnuffic-test.topdesk.net/tas/secure/login/verify,0,NOT_NEEDED,0
https://epnuffic.topdesk.net/tas/public/login/verify,0,NOT_NEEDED,0
https://epnuffic.topdesk.net/tas/secure/login/verify,0,NOT_NEEDED,0
http://sp.vs1.corpora.uni-hamburg.de,0,NOT_NEEDED,0
http://www.clarin-pl.eu/shibboleth,0,NOT_NEEDED,0
https://childes.talkbank.org/shibboleth,0,NOT_NEEDED,0
https://sp.clarin.si/,0,NOT_NEEDED,0
https://iam.atypon.com/shibboleth,0,NOT_NEEDED,0
https://cern.ch/login,0,NOT_NEEDED,0
securedesktop.inholland.nl,0,NOT_NEEDED,1
https://wagn-shib.hosted.exlibrisgroup.com/shib,0,NOT_NEEDED,0
https://gitlab.surfnet.nl/shibboleth,0,NOT_NEEDED,0
https://ihe.educator.eu/saml/SSO/alias/ihe,0,NOT_NEEDED,0
https://shib.oclc.org/shibboleth,0,NOT_NEEDED,0
https://fms.iss.biz/testerasmusmcnl/library/auth/simplesamlphp/www/module.php/saml/sp/metadata.php/mymcs-webportal,0,NOT_NEEDED,0
https://openstack.hbit.sztaki.hu/shibboleth,0,NOT_NEEDED,0
https://hexaa.eduid.hu/shibboleth,0,NOT_NEEDED,0
https://tiu.myprintdesk.net/DSF/asp4/,0,NOT_NEEDED,0
http://saml.edusafe.nordu.net,0,NOT_NEEDED,0
https://www.fedmindz.nl/saml/module.php/saml/sp/metadata.php/default-sp,0,NOT_NEEDED,0
https://saml.edusafe.nordu.net,0,NOT_NEEDED,0
https://stats.surfconext.nl/mellon/metadata,0,NOT_NEEDED,0
https://mijnpas.nhl.nl/simplesamlphp/www/module.php/saml/sp/metadata.php/default-sp,1,NOT_NEEDED,0
https://jobboard.uva.nl/onelogin_saml/metadata,0,NOT_NEEDED,0
https://nlprint.external.xerox.com/login/module.php/saml/sp/metadata.php/SURFconext,0,HAS_LICENSE_SP,0
https://remindoconnect.com/saml/module.php/saml/sp/metadata.php/44-surfconext_aac,0,NOT_NEEDED,0
https://tra-ws-s3-sans.mcx.nl/shibboleth,0,NOT_NEEDED,0
https://nhl.productie.synetic.nl/simplesaml/module.php/saml/sp/metadata.php/default-sp,0,NOT_NEEDED,0
https://healthacademy.radboudumc.nl/saml/module.php/saml/sp/metadata.php/default-sp,0,NOT_NEEDED,0
https://sa-gw.surfconext.nl/authentication/metadata,0,HAS_LICENSE_SP,1
https://sa.surfconext.nl/authentication/metadata,0,HAS_LICENSE_SP,1
https://ra.surfconext.nl/authentication/metadata,0,HAS_LICENSE_SP,1
https://hsle.facilitor.nl/saml,0,NOT_NEEDED,0
https://uu.mapiq.net,0,NOT_NEEDED,0
http://horeca.gc.lesspapers.nl/simplesaml/www/module.php/saml/sp/metadata.php/surfnet-sp-live,0,NOT_NEEDED,0
https://sp.sollicity.nl/module.php/saml/sp/metadata.php/tu_delft_surfnet_production-sp,0,NOT_NEEDED,0
https://netwerkdashboard-dev.surfnet.nl/simplesaml/module.php/saml/sp/metadata.php/default-sp,0,NOT_NEEDED,0
https://crmtest.saxion.nl/,0,NOT_NEEDED,0
https://authz.surfconext.nl/shibboleth,0,NOT_NEEDED,0
https://authz-admin.surfconext.nl/shibboleth,0,NOT_NEEDED,0
https://fms.iss.biz/erasmusmcnl/library/auth/simplesamlphp/www/module.php/saml/sp/metadata.php/mymcs-webportal,0,NOT_NEEDED,0
https://radboudumc-rie.patientsafety.com/webframe/include/plugins/SimpleSaml/www/module.php/saml/sp/metadata.php/surfconext-idp,0,NOT_NEEDED,0
http://horeca.gc.lesspapers.nl,0,NOT_NEEDED,0
https://virgo.ic.uva.nl,0,NOT_NEEDED,0
https://shib.lynda.com/shibboleth-sp,0,HAS_LICENSE_SP,0
https://tue.topdesk.net/tas/public/login/verify,0,NOT_NEEDED,0
https://tue.topdesk.net/tas/secure/login/verify,0,NOT_NEEDED,0
https://thki-sid.pt-48.utr.surfcloud.nl/ssp/module.php/saml/sp/metadata.php/default-sp,0,NOT_NEEDED,0
http://classification-toolkit.stenden.com,0,NOT_NEEDED,0
https://stenden.crosscampus.nl/saml,0,NOT_NEEDED,0
https://intranet.acc.hsleiden.nl/saml/metadata,0,NOT_NEEDED,0
https://fontys.mijnnieuweprinten.nl/saml,0,HAS_LICENSE_SP,0
https://eur.idm.oclc.org/shibboleth,0,NOT_NEEDED,0
https://www.structuralbiology.eu/shibboleth,0,NOT_NEEDED,0
https://qa.orcid.org/saml2/sp/1,0,NOT_NEEDED,0
https://print.ricoh.nl/DSF/,0,NOT_NEEDED,0
https://fontys.shop.canon.nl,1,NOT_NEEDED,0
https://onderwijsgroeptilburg.topdesk.net/tas/public/login/verify,0,UNKNOWN,0
https://acadplan_acc.datanose.nl/shibboleth,0,HAS_LICENSE_SP,0
https://wurtv3.wur.nl/p2g/,0,NOT_NEEDED,0
https://webhare.webhare-acc.utsp.utwente.nl/saml/sp-surfconext,0,NOT_NEEDED,0
https://nieuw.openonderwijsapi.nl/simplesaml/module.php/saml/sp/metadata.php/default-sp,0,NOT_NEEDED,0
https://act.dataverse.nl/shibboleth,0,NOT_NEEDED,0
https://naturalis.idm.oclc.org/shibboleth,0,NOT_NEEDED,0
https://crmacceptatie.saxion.nl/,0,NOT_NEEDED,0
https://casehandler.avans.nl/simplesaml/module.php/saml/sp/metadata.php/default-sp,0,NOT_NEEDED,0
https://casehandler-beheer.avans.nl/simplesaml/module.php/saml/sp/metadata.php/default-sp,0,NOT_NEEDED,0
https://fod-pilot.surfnet.nl/shibboleth,0,NOT_NEEDED,0
https://intranet.hsleiden.nl/saml/metadata,0,NOT_NEEDED,0
https://aventus.shop.canon.nl/,1,NOT_NEEDED,0
https://natschooltest.rijnijssel.nl,0,NOT_NEEDED,0
http://sso.connexys.nl/saml2/erasmusmc,0,NOT_NEEDED,0
https://hva.eu.qualtrics.com/WRSAML/simplesaml/www/module.php/saml/sp/metadata.php/default-sp,0,HAS_LICENSE_SP,0
https://www.bcisiveonline.com/,0,HAS_LICENSE_SURFMARKET,0
https://aventus.onderwijsonline.nl/saml/module.php/saml/sp/metadata.php/surfconext,0,NOT_NEEDED,0
https://www.edudocs.eu/simplesaml/module.php/saml/sp/metadata.php/default-sp,0,HAS_LICENSE_SP,0
http://sap-dev-ruz1.ic.uva.nl,0,NOT_NEEDED,1
https://www.archer.ac.uk/shibboleth,0,NOT_NEEDED,0
https://remindoconnect.com/saml/module.php/saml/sp/metadata.php/53-surfconext,0,NOT_NEEDED,0
https://remindoconnect.com/saml/module.php/saml/sp/metadata.php/56-surfconext,0,NOT_NEEDED,0
https://saml.declaree.com,0,HAS_LICENSE_SP,0
http://sap-dev-puz1.ic.uva.nl,0,NOT_NEEDED,1
https://helicon.educator.eu/saml/SSO/alias/helicon,0,NOT_NEEDED,0
http://uva.webex.com,0,HAS_LICENSE_SP,0
https://ecampusxl.unesco-ihe.org/simplesaml/module.php/saml/sp/metadata.php/SURFconext,0,NOT_NEEDED,0
https://mijndcard2.deltion.nl/site/simplesamlphp/www/module.php/saml/sp/metadata.php/default-sp,0,NOT_NEEDED,0
https://designacademy.onderwijsonline.nl/saml/module.php/saml/sp/metadata.php/surfconext,0,NOT_NEEDED,0
https://sncappp2.tudelft.nl,0,NOT_NEEDED,0
https://b2access.eudat.eu:8443/unitygw/saml-sp-metadata,0,NOT_NEEDED,0
https://idpproxy.saxion.nl/sp,0,NOT_NEEDED,0
https://surfdrive-acc.surf.nl/simplesaml/module.php/saml/sp/metadata.php/SURFconext,0,HAS_LICENSE_SP,0
https://labservant.extranet.amolf.nl/api/ssp/module.php/saml/sp/metadata.php/surfconext,0,HAS_LICENSE_SP,0
https://surfnet-ebs.ghx.com/surfnet,0,HAS_LICENSE_SP,0
urn:federation:MicrosoftOnline,0,HAS_LICENSE_SURFMARKET,0
https://hogeschoolvhl.blackboard.com/shibboleth-sp,0,NOT_NEEDED,0
https://netwerkdashboard.surfnet.nl/simplesaml/module.php/saml/sp/metadata.php/default-sp,0,NOT_NEEDED,0
https://www.saxion-intake.nl/components/com_samlogin/simplesamlphp/www/module.php/saml/sp/metadata.php/default-sp,0,NOT_NEEDED,0
https://reports4students-acc.ic.uva.nl:443/secure/,0,NOT_NEEDED,0
https://natschool.rijnijssel.nl,0,NOT_NEEDED,0
https://rocin.rocmn.nl/Proquro_Rocmn_Prod,0,NOT_NEEDED,0
https://saml.mediaweb.eu/simplesaml/module.php/saml/sp/metadata.php/default-sp,0,HAS_LICENSE_SP,0
https://zuydsso.my.salesforce.com,0,NOT_NEEDED,0
https://stucomm-api.tudelft.nl/sp/www/module.php/saml/sp/metadata.php/default-sp,0,HAS_LICENSE_SP,0
https://media.hvhl.nl/p2g/,0,NOT_NEEDED,0
https://ppms.eu/shibboleth,0,HAS_LICENSE_SP,0
https://remindoconnect.com/Single-tenant-service_op-aanvraag,0,HAS_LICENSE_SP,0
https://dummy.printshop.nl/Single-tenant-service_op-aanvraag,0,HAS_LICENSE_SP,0
https://dummy.presentations2go.eu/Single-tenant-service_op-aanvraag,0,HAS_LICENSE_SURFMARKET,0
https://dummy.educator.eu/Single-tenant-service_op-aanvraag,0,HAS_LICENSE_SP,0
https://dummy.blackboard.nl/Single-tenant-service_op-aanvraag,0,HAS_LICENSE_SP,0
https://dummy.loopbaanportaal.nl/Single-tenant-service_op-aanvraag,0,HAS_LICENSE_SP,0
https://dummy.crosscampus.nl/Single-tenant-service_op-aanvraag,0,HAS_LICENSE_SP,0
https://dummy.natschool.nl/Single-tenant-service_op-aanvraag,0,HAS_LICENSE_SP,0
https://dummy.omnicard.nl/Single-tenant-service_op-aanvraag,1,HAS_LICENSE_SP,0
https://dummy.proquro.nl/Single-tenant-service_op-aanvraag,0,HAS_LICENSE_SP,0
https://dummy.ricoh.nl/Single-tenant-service_op-aanvraag,0,HAS_LICENSE_SP,0
https://dummy.hosted.exlibrisgroup.com/Single-tenant-service_op-aanvraag,0,HAS_LICENSE_SP,0
https://dummy.planonsoftware.com/Single-tenant-service_op-aanvraag,0,HAS_LICENSE_SP,0
https://dummy.eu.qualtrics.com/Single-tenant-service_op-aanvraag,0,HAS_LICENSE_SP,0
google.com/Single-tenant-service_op-aanvraag,0,NOT_NEEDED,0
https://dummy.topdesk.net/Single-tenant-service_op-aanvraag,0,HAS_LICENSE_SP,0
https://dummy.parsys.nl/Single-tenant-service_op-aanvraag,0,HAS_LICENSE_SURFMARKET,0
https://dummy.mediasite.nl/Single-tenant-service_op-aanvraag,0,HAS_LICENSE_SURFMARKET,0
https://netwerkdashboard-acc.surfnet.nl/simplesaml/module.php/saml/sp/metadata.php/default-sp,0,NOT_NEEDED,0
https://gitlab.pilots.aarc-project.eu/Shibboleth.sso/Metadata,0,NOT_NEEDED,0
https://mediasite.inholland.nl/Mediasite,0,HAS_LICENSE_SURFMARKET,0
https://icreate.hhs.nl/simplesaml/module.php/saml/sp/metadata.php/default-sp,0,NOT_NEEDED,0
https://mijndcard.deltion.nl/site/simplesamlphp/www/module.php/saml/sp/metadata.php/default-sp,1,NOT_NEEDED,0
https://regiocollege.grafiportal.nl,0,NOT_NEEDED,0
https://dev.niif.hu/shibboleth,0,NOT_NEEDED,0
https://hg.shop.canon.nl/,1,HAS_LICENSE_SP,0
https://inholland.mediasite.com/Mediasite,0,HAS_LICENSE_SURFMARKET,0
https://zuyd.idm.oclc.org/shibboleth,0,NOT_NEEDED,0
https://rocmiddennederland.topdesk.net/tas/secure/login/verify,0,UNKNOWN,0
https://rocmiddennederland.topdesk.net/tas/public/login/verify,0,UNKNOWN,0
https://rocmiddennederland-test.topdesk.net/tas/secure/login/verify,0,UNKNOWN,0
https://rocmiddennederland-test.topdesk.net/tas/public/login/verify,0,UNKNOWN,0
https://database.retriever.nl,0,HAS_LICENSE_SURFMARKET,0
https://labservant.science.ru.nl/simplesaml/module.php/saml/sp/metadata.php/surfconext,0,HAS_LICENSE_SP,0
https://wwwdev.mysurf.nl/sso/metadata/mysurf,0,NOT_NEEDED,0
https://test.asiosoftware.nl/simplesaml/module.php/saml/sp/metadata.php/surfconext,0,HAS_LICENSE_SP,0
https://login.youforce.biz/sso/l1saml,0,HAS_LICENSE_SP,0
https://m.youforce.biz/sso/l1saml,0,HAS_LICENSE_SP,1
https://netpay.vu.nl/metadata,0,HAS_LICENSE_SP,0
https://remindoconnect.com/saml/module.php/saml/sp/metadata.php/74-surfconext_2fa_pilot,0,HAS_LICENSE_SP,1
https://remindoconnect.com/saml/module.php/saml/sp/metadata.php/59-surfconext_amc,0,NOT_NEEDED,0
https://fom.unit4cloud.com,0,NOT_NEEDED,0
https://ut.eduvpn.org/saml,0,HAS_LICENSE_SP,0
https://support.surfconext.nl/simplesaml-spform-v2/module.php/saml/sp/metadata.php/default-sp,0,NOT_NEEDED,0
https://orcid.org/saml2/sp/1,0,NOT_NEEDED,0
http://sso-a.connexys.nl/saml2/erasmusmc,0,NOT_NEEDED,0
https://auth.feedbackfruits.com/auth/surf/metadata,0,HAS_LICENSE_SP,0
https://repo.clarino.uib.no/shibboleth/sp,0,NOT_NEEDED,0
https://lbr.csc.fi/shibboleth,0,NOT_NEEDED,0
https://elk.surfconext.nl/,0,NOT_NEEDED,0
https://remindoconnect.com/saml/module.php/saml/sp/metadata.php/68-surfconext_hr,0,NOT_NEEDED,0
https://leidenuniv.eu.qualtrics.com/WRSAML/simplesaml/www/module.php/saml/sp/metadata.php/default-sp,0,HAS_LICENSE_SP,0
auth.traintool.com,0,HAS_LICENSE_SP,0
https://app.easy2comply.nl/shibboleth,0,HAS_LICENSE_SURFMARKET,0
https://pdp.surfconext.nl/shibboleth,0,NOT_NEEDED,0
https://start.esize.nl,0,HAS_LICENSE_SP,0
http://orcid.test.surfconext.nl/authentication/metadata,0,NOT_NEEDED,0
https://dummy.kaltura.com/Single-tenant-service_op-aanvraag,0,NOT_NEEDED,0
https://dummy.mentorix.dk/Single-tenant-service_op-aanvraag,0,NOT_NEEDED,0
https://dummy.mendixcloud.com/Single-tenant-service_op-aanvraag,0,NOT_NEEDED,0
https://dummy.dmssolutions.eu/Single-tenant-service_op-aanvraag,0,NOT_NEEDED,0
https://dummy.labservant.nl/Single-tenant-service_op-aanvraag,0,NOT_NEEDED,0
https://dummy.mapiq.net/Single-tenant-service_op-aanvraag,0,NOT_NEEDED,0
https://saxion.eu.qualtrics.com/WRSAML/simplesaml/www/module.php/saml/sp/metadata.php/default-sp,0,HAS_LICENSE_SP,0
https://designacademy.trajectplanner.nl/saml/module.php/saml/sp/metadata.php/surfconext,0,NOT_NEEDED,0
https://timetable.nhl.nl/simplesaml/module.php/saml/sp/metadata.php/default-sp,0,NOT_NEEDED,0
https://inholland.print.ricoh.nl/DSF/,0,NOT_NEEDED,0
https://geant.eduvpn.org/saml,0,NOT_NEEDED,0
https://fed-interop-wg.ligo.org/shibboleth-sp,0,NOT_NEEDED,0
https://ru.brand-spot.net/simplesaml/module.php/saml/sp/metadata.php/surfconext,0,HAS_LICENSE_SP,0
https://msweb-test.efb.eur.nl/Mediasite7,0,HAS_LICENSE_SURFMARKET,0
https://erasmusmc.testvision.nl/online/services/SAML.svc,0,NOT_NEEDED,0
https://anubis.caci.nl/osirissaml/saml2/metadata/osiris-docent-surf,0,NOT_NEEDED,0
https://hanzehogeschool.crosscampus.nl/saml,0,HAS_LICENSE_SP,0
https://sp.tshhosting.com/shibboleth,0,NOT_NEEDED,0
https://databanken.bibliotheek.hva.nl/simplesaml/module.php/saml/sp/metadata.php/SURFconext,0,NOT_NEEDED,0
https://saml.wikixl.nl/module.php/saml/sp/metadata.php/surfconext-sp,0,NOT_NEEDED,0
https://saml.psui.geant.net,0,NOT_NEEDED,0
https://myinfo.acceptatie.uva.nl/login/metadata,0,NOT_NEEDED,0
https://myinfo.acceptatie.hva.nl/login/metadata,0,NOT_NEEDED,0
https://rocvantwente.proquro.nl/Proquro_RocTwente_Prod,0,HAS_LICENSE_SP,0
https://print.stenden.com/saml,0,NOT_NEEDED,0
https://sso-sp.sollicity.nl/module.php/saml/sp/metadata.php/surfnet_production-sp,0,HAS_LICENSE_SP,0
https://weblectures-a.leidenuniv.nl/Mediasite7,0,NOT_NEEDED,0
https://rns.aai.niif.hu/shibboleth,0,NOT_NEEDED,0
https://avans.shop.canon.nl/,1,NOT_NEEDED,0
https://test1418.testvision.nl/online/services/SAML.svc,0,NOT_NEEDED,1
https://demo-sc2.presentations2go.eu/p2g/,0,NOT_NEEDED,0
https://beeldbank.uva.nl,0,HAS_LICENSE_SP,0
http://sp.dev-gradework.xebic.com,0,NOT_NEEDED,1
http://sp.tst-gradework.xebic.com,0,NOT_NEEDED,1
https://shibsp.pt-27.utr.surfcloud.nl/shibboleth,0,NOT_NEEDED,0
https://aventustest.onderwijsonline.nl/saml/module.php/saml/sp/metadata.php/surfconext,0,NOT_NEEDED,0
https://crowd.dev.prepend.eu/shibboleth,0,NOT_NEEDED,0
https://shibboleth.cambridge.org/shibboleth-sp,0,NOT_NEEDED,0
https://Weblectures-TUD.leidenuniv.nl/Mediasite,0,NOT_NEEDED,0
https://acadplan.datanose.nl/shibboleth,0,NOT_NEEDED,0
surfmailfilter,0,HAS_LICENSE_SP,0
https://myinfo.hva.nl/login/metadata,0,NOT_NEEDED,0
https://www.uorder.nl/,1,NOT_NEEDED,0
https://remindoconnect.com/saml/module.php/saml/sp/metadata.php/71-surfconext_2fa,0,HAS_LICENSE_SP,1
https://myinfo.uva.nl/login/metadata,0,NOT_NEEDED,0
https://sso.squareis.com/saml/module.php/saml/sp/metadata.php/easy20-surf-sp,0,HAS_LICENSE_SP,0
https://dummy.onderwijsonline.nl/Single-tenant-service_op-aanvraag,0,HAS_LICENSE_SURFMARKET,0
https://dummy.XXX/Single-tenant-service_op-aanvraag,0,HAS_LICENSE_SP,0
https://dummy.esize.nl/Single-tenant-service_op-aanvraag,0,NOT_NEEDED,0
https://dummy.brand-spot.net/Single-tenant-service_op-aanvraag,0,HAS_LICENSE_SP,0
https://erasmusmc.shop.canon.nl/,1,HAS_LICENSE_SP,0
https://carpooling.innolabvenlo.nl/shibboleth,0,NOT_NEEDED,0
https://shop2.keiretsueurope.eu/twente/simplesaml/module.php/saml/sp/metadata.php/saml,0,NOT_NEEDED,0
https://test-pure.rug.nl/admin,0,NOT_NEEDED,0
http://sp.gradework.xebic.com,0,HAS_LICENSE_SP,1
https://sab-enroll.surfnet.nl/simplesaml/module.php/saml/sp/metadata.php/default-sp,0,NOT_NEEDED,0
https://sab.surfnet.nl/simplesaml/module.php/saml/sp/metadata.php/default-sp,0,NOT_NEEDED,0
https://opzichter.surfnet.nl/simplesaml/module.php/saml/sp/metadata.php/default-sp,0,NOT_NEEDED,0
https://dashboard.surfnet.nl/simplesaml/module.php/saml/sp/metadata.php/dashboard-hi,0,NOT_NEEDED,0
https://dashboard.surfnet.nl/simplesaml/module.php/saml/sp/metadata.php/default-sp,0,NOT_NEEDED,0
https://rapportage.surfnet.nl/simplesaml/module.php/saml/sp/metadata.php/default-sp,0,NOT_NEEDED,0
https://avenet.aventus.nl/p2g/,0,NOT_NEEDED,0
https://open-elo.nhl.nl/shibboleth,0,NOT_NEEDED,0
https://www.surfdomeinen.nl/simplesaml/module.php/saml/sp/metadata.php/default-sp,0,NOT_NEEDED,0
https://trafmon.surfnet.nl/,0,NOT_NEEDED,0
https://federation.cyclone-project.eu/auth/realms/master,0,NOT_NEEDED,0
https://federation.cyclone-project.eu/samlbridge/module.php/saml/sp/metadata.php/cyclone-saml-bridge,0,NOT_NEEDED,0
https://surfstat.surfnet.nl/shibboleth,0,NOT_NEEDED,0
https://www.mf.surf.net/,0,NOT_NEEDED,0
https://surfnpm.surfnet.nl/,0,NOT_NEEDED,0
https://tudelft.simacpresto.com/module.php/saml/sp/saml2-acs.php/default-sp,0,NOT_NEEDED,0
https://bb.avans.nl/shibboleth,0,NOT_NEEDED,0
https://nbdbiblion.topdesk.net/saml-metadata/a028b702-f188-4e19-9787-308aa17bc097,0,NOT_NEEDED,0
https://nbdbiblion.topdesk.net/saml-metadata/eb9682ab-c628-4cd1-8085-4770a6ee45f4,0,NOT_NEEDED,0
https://id.signhost.com/aselectserver/server,0,NOT_NEEDED,0
https://hanzehogeschool.shop.canon.nl/,1,NOT_NEEDED,0
https://inacademia.org/metadata/t01-p-test.xml,0,NOT_NEEDED,0
https://inacademia.org/metadata/t01-t-test.xml,0,NOT_NEEDED,0
google.com/a/clusius.nl,0,NOT_NEEDED,0
https://cmps-msweb01.campus.eur.nl/Mediasite,0,NOT_NEEDED,0
https://nijmegen.onderwijsonline.nl/saml/module.php/saml/sp/metadata.php/surfconext,0,NOT_NEEDED,0
https://zeus.grnet.gr/shibboleth,0,NOT_NEEDED,0
https://pilot.ibis.inholland.nl/simplesaml/module.php/saml/sp/metadata.php/ibis,0,NOT_NEEDED,0
https://webelect.nl,0,HAS_LICENSE_SP,0
https://login.adp.nl/federation/samlsp/,0,HAS_LICENSE_SP,0
https://rocvantwente.shop.canon.nl/,1,NOT_NEEDED,0
https://frieslandcollegetest.educator.eu/saml/SSO/alias/frieslandcollegetest,0,NOT_NEEDED,0
https://frieslandcollege.educator.eu/saml/SSO/alias/frieslandcollege,0,NOT_NEEDED,0
https://data.donders.ru.nl,0,UNKNOWN,0
https://eur.mynetpay.nl/metadata,0,NOT_NEEDED,0
https://data.4tu.nl/saml/metadata,0,NOT_NEEDED,0
surfpanel,0,NOT_NEEDED,0
surfstat,0,NOT_NEEDED,0
https://www.eduroam.nl/simplesaml/module.php/saml/sp/metadata.php/default-sp,0,NOT_NEEDED,0
http://sts3ota.wur.nl/adfs/services/trust,0,NOT_NEEDED,0
https://davinci.proquro.nl/Proquro_DaVinci_Prod,0,NOT_NEEDED,0
https://esciencecenter.eduvpn.nl/saml,0,NOT_NEEDED,0
https://remindoconnect.com/saml/module.php/saml/sp/metadata.php/83-surfconext,0,NOT_NEEDED,0
https://uva-hva.mycampusprint.nl/saml,0,NOT_NEEDED,0
http://umcg-uc.webex.com,0,NOT_NEEDED,0
http://umcg.webex.com,0,NOT_NEEDED,0
https://remindoconnect.com/saml/module.php/saml/sp/metadata.php/77-surfconext,0,NOT_NEEDED,0
https://uva-hva-test.mynetpay.nl/metadata,0,NOT_NEEDED,0
https://uvanose-acc.ic.uva.nl/shibboleth,0,NOT_NEEDED,0
https://student.amsterdamuas.com,0,NOT_NEEDED,0
https://student.hva.nl,0,NOT_NEEDED,0
https://medewerker.hva.nl,0,NOT_NEEDED,0
https://az.hva.nl,0,NOT_NEEDED,0
https://e5.onthehub.com,0,NOT_NEEDED,0
https://frieslandcollege.topdesk.net/tas/secure/login/verify,0,NOT_NEEDED,0
https://labrat.eduvpn.nl/saml,0,NOT_NEEDED,0
https://frieslandcollege.topdesk.net/tas/public/login/verify,0,NOT_NEEDED,0
https://zuyd.mediasite.com/Mediasite,0,HAS_LICENSE_SURFMARKET,0
https://hao.blackboard.nl/shibboleth,0,NOT_NEEDED,0
https://leren-acc.saxion.nl/shibboleth-sp,0,NOT_NEEDED,0
https://identity.fhict.nl/saml2/metadata,0,NOT_NEEDED,0
http://sso-a.connexys.nl/saml2/clusiuscollege,0,NOT_NEEDED,0
https://zelfbediening-dev.sap.uva.nl,0,NOT_NEEDED,1
https://erp-dev.sap.uva.nl,0,NOT_NEEDED,1
https://zelfbediening-acc.sap.uva.nl,0,NOT_NEEDED,1
https://services.internet2.edu/shibboleth,0,NOT_NEEDED,0
https://erp-acc.sap.uva.nl,0,NOT_NEEDED,1
https://ahk.mycampusprint.nl/saml,0,NOT_NEEDED,0
https://crm.saxion.nl/,0,NOT_NEEDED,0
https://hsleiden.mediamission.nl/Mediasite,0,HAS_LICENSE_SURFMARKET,0
https://leren.saxion.nl/shibboleth-sp,0,NOT_NEEDED,0
https://grouphub.fontys.nl/simplesaml/module.php/saml/sp/metadata.php/default-sp,0,NOT_NEEDED,0
https://windesheim.mycampusprint.nl/saml,0,NOT_NEEDED,0
https://fontys.onderwijsonline.nl/saml/module.php/saml/sp/metadata.php/surfconext,0,NOT_NEEDED,0
https://osiris.nyenrode.nl/osirissaml/saml2/metadata/osiris-student,0,NOT_NEEDED,0
https://osiris.nyenrode.nl/osirissaml/saml2/metadata/osiris-medewerker,0,NOT_NEEDED,0
https://stage.centuri.hva.nl/,0,NOT_NEEDED,0
https://uva.shop.canon.nl/,1,NOT_NEEDED,0
https://hva.shop.canon.nl/,1,NOT_NEEDED,0
https://mymedia.avans.nl,0,NOT_NEEDED,0
https://surfcumulus.nl/saml2/metadata/,0,HAS_LICENSE_SP,0
https://portal2.ibabs.eu,0,HAS_LICENSE_SURFMARKET,0
https://www.roc-nijmegen.nl/plugins/authentication/miniorangesaml/,0,NOT_NEEDED,0
https://albeda.proquro.com/Albeda,0,NOT_NEEDED,0
https://wayf.nikhef.nl/wayf/sp,0,NOT_NEEDED,0
https://www.openedu.nl/simplesaml/module.php/saml/sp/metadata.php/surfnet-sp,0,NOT_NEEDED,0
https://profile.surfconext.nl/authentication/metadata,0,NOT_NEEDED,0
https://erasmusuniversity.eu.qualtrics.com/WRSAML/simplesaml/www/module.php/saml/sp/metadata.php/default-sp,0,NOT_NEEDED,0
https://twente.mentorix.dk/simplesaml/module.php/saml/sp/metadata.php/default-sp,0,NOT_NEEDED,0
https://brandportal.eur.nl/simplesaml/module.php/saml/sp/metadata.php/default-sp,0,NOT_NEEDED,0
https://fom-test.unit4cloud.com,0,NOT_NEEDED,0
https://tudelft.orderitnow.nl/simplesaml/module.php/saml/sp/metadata.php/default-sp,0,NOT_NEEDED,0
https://wayf.rcauth.eu/wayf/,0,NOT_NEEDED,0
https://shop2.keiretsueurope.eu/twente/2/websso/metadata,1,NOT_NEEDED,0
https://tilburguniversity.shop.canon.nl/,1,NOT_NEEDED,0
https://uva-hva.mynetpay.nl/metadata,0,NOT_NEEDED,0
https://sso-sp.sollicity.nl/module.php/saml/sp/metadata.php/skp_leiden_surfnet_production-sp,0,NOT_NEEDED,0
https://rijnijssel.educator.eu/saml/SSO/alias/rijnijssel,0,NOT_NEEDED,0
https://oauth.inholland.nl/realms/Inholland,0,NOT_NEEDED,0
https://nhl.topdesk.net/saml-metadata/4bbcda78-7aae-492d-8506-c7f4c42c6b85,0,NOT_NEEDED,0
https://nhl.topdesk.net/saml-metadata/16323741-4af7-4760-9f5b-cd88e72903c5,0,NOT_NEEDED,0
https://myinholland.ibis.inholland.nl/simplesaml/module.php/saml/sp/metadata.php/myibis,0,NOT_NEEDED,0
https://media.eur.nl/Mediasite,0,HAS_LICENSE_SURFMARKET,0
https://pure.hva.nl/admin,0,NOT_NEEDED,0
https://elo.nhl.nl/shibboleth,0,NOT_NEEDED,0
https://pure.uva.nl/admin,0,NOT_NEEDED,0
https://politieacademie.mediasite.com/Mediasite,0,HAS_LICENSE_SURFMARKET,0
https://radboudumc.shop.canon.nl,1,NOT_NEEDED,0
https://test-uvahva.mijnnieuweprinten.nl/saml,0,NOT_NEEDED,0
https://Aeres.presentations2go.eu/P2G/,0,NOT_NEEDED,0
https://hvhl.idm.oclc.org/shibboleth,0,NOT_NEEDED,0
https://signon.ibabs.eu,0,HAS_LICENSE_SURFMARKET,0
https://test-uva-hva.mycampusprint.nl/saml,0,NOT_NEEDED,0
https://csnyprd.rocnijmegen.mcx.nl/shibboleth,0,NOT_NEEDED,0
https://www.miwb-app.nl/simplesaml/module.php/saml/sp/metadata.php/default-sp,0,NOT_NEEDED,0
https://remindoconnect.com/saml/module.php/saml/sp/metadata.php/89-surfconext,0,NOT_NEEDED,0
https://kw1cmed.print.ricoh.nl/DSF/,0,NOT_NEEDED,0
https://remindoconnect.com/saml/module.php/saml/sp/metadata.php/86-surfconext,0,NOT_NEEDED,0
https://kw1c-stu.print.ricoh.nl/DSF/,0,NOT_NEEDED,0
https://csnpprd.noorderpoort.mcx.nl/shibboleth,0,NOT_NEEDED,0
https://iam-test.indigo-datacloud.eu,0,NOT_NEEDED,0
https://uva.testvision.nl/online/services/SAML.svc,0,NOT_NEEDED,0
https://hva.testvision.nl/online/services/SAML.svc,0,NOT_NEEDED,0
https://cilogon.org/shibboleth,0,NOT_NEEDED,0
https://mumc.xpressionfluid.nl/xm/saml/metadata,1,NOT_NEEDED,0
https://sandbox.orcid.org/saml2/sp/1,0,NOT_NEEDED,0
https://voucher.med.rug.nl/Sso,0,NOT_NEEDED,0
https://uvanose.uva.nl/shibboleth,0,NOT_NEEDED,0
https://engine.ozonconext.nl/authentication/sp/metadata,0,NOT_NEEDED,0
https://aai.egi.eu/proxy/module.php/saml/sp/metadata.php/sso,0,NOT_NEEDED,0
https://pep-demo.cs.ru.nl/shibboleth,0,HAS_LICENSE_SP,0
https://zelfbediening.sap.uva.nl,0,NOT_NEEDED,1
https://erp.sap.uva.nl,0,NOT_NEEDED,1
https://la-experiment.surfnet.nl/simplesaml/module.php/saml/sp/metadata.php/default-sp,0,NOT_NEEDED,0
https://proxy.c4e.niif.hu/shibboleth,0,NOT_NEEDED,0
https://vu.brand-spot.net/simplesaml/module.php/saml/sp/metadata.php/surfconext,0,HAS_LICENSE_SP,0
https://pure.amc.nl/admin,0,NOT_NEEDED,0
https://etherpad.de.dariah.eu/shibboleth,0,NOT_NEEDED,0
https://scalear-staging2.herokuapp.com,0,NOT_NEEDED,0
https://www.syneratio.com/simplesaml/module.php/saml/sp/metadata.php/default-sp,0,HAS_LICENSE_SP,0
https://www.degruyter.com/shibboleth,0,HAS_LICENSE_SP,0
https://test-videoportal.viaa.nl/p2g/,0,NOT_NEEDED,0
https://che.idm.oclc.org/shibboleth,0,NOT_NEEDED,0
https://pure.vumc.nl/admin,0,NOT_NEEDED,0
https://nybu.facilitor.nl/saml,0,NOT_NEEDED,0
https://www.e-campus.nl,0,HAS_LICENSE_SP,0
https://groepenbeheer.inholland.nl/simplesaml/module.php/saml/sp/metadata.php/default-sp,0,NOT_NEEDED,0
https://natschool.regiocollege.nl,0,NOT_NEEDED,0
https://brain.lab.vvc.niif.hu/simplesamlphp/module.php/saml/sp/metadata.php/default-sp,0,NOT_NEEDED,0
https://tudelfttest.brightspace.com/shibboleth-sp,0,HAS_LICENSE_SP,0
https://proquro.hr.nl,0,NOT_NEEDED,0
https://saz.idm.oclc.org/shibboleth,0,NOT_NEEDED,0
https://beta.dataverse.nl/shibboleth,0,NOT_NEEDED,0
https://test.scalable-learning.com,0,NOT_NEEDED,0
https://brightspace.tudelft.nl/shibboleth-sp,0,HAS_LICENSE_SP,0
https://fontys.p2p-portal.nl,0,HAS_LICENSE_SP,0
https://nijmegen.trajectplanner.nl/saml/module.php/saml/sp/metadata.php/surfconext,0,NOT_NEEDED,0
https://deltion.mediamission.nl/Mediasite,0,NOT_NEEDED,0
https://rocvt.topdesk.net/saml-metadata/efe0f094-23bc-437f-a59e-c7cd371edf7a,0,NOT_NEEDED,0
https://rocvt.topdesk.net/saml-metadata/b0c242b2-b07f-4c4e-b71e-4d971edd9a79,0,NOT_NEEDED,0
https://fc.molenbergmedia.nl,1,NOT_NEEDED,0
https://tudelft-acc.topdesk.net/saml-metadata/382a07ef-c8c3-4a88-92d7-ad04d463f218,0,NOT_NEEDED,0
https://surfnetconf.ipublishcentral.com/simplesaml/module.php/saml/sp/metadata.php/default-sp,0,NOT_NEEDED,0
https://osirisboacc.nyenrode.nl/osirissaml/saml2/metadata/osiris-basis-acc,0,NOT_NEEDED,0
https://osirisboacc.nyenrode.nl/osirissaml/saml2/metadata/osiris-docent-acc,0,NOT_NEEDED,0
https://osirisboacc.nyenrode.nl/osirissaml/saml2/metadata/osiris-student-acc,0,NOT_NEEDED,0
https://bc.vitalsource.com/federation/surfcontext/authentications/metadata,0,NOT_NEEDED,0
https://estudybooks.surf.nl/wp-content/plugins/saml-20-single-sign-on/saml/www/module.php/saml/sp/metadata.php/1,0,NOT_NEEDED,0
https://saml-prod.loopbaanportaal.nl/module.php/saml/sp/metadata.php/tu_delft_surfnet_fo_production-sp,0,NOT_NEEDED,0
https://osirisboacc.nyenrode.nl/osirissaml/saml2/metadata/osiris-begeleider-acc,0,NOT_NEEDED,0
https://stenden.topdesk.net/saml-metadata/8db80e13-a1eb-4599-8fdd-4dcd91e0f9cc,0,NOT_NEEDED,0
https://stenden.topdesk.net/saml-metadata/b48e3b0d-6cc2-4d78-aa34-b6d9adcd48ee,0,NOT_NEEDED,0
https://wurtv-test.wur.nl/p2g/,0,NOT_NEEDED,0
https://secure-apis.hva.nl/,0,NOT_NEEDED,0
https://erasmuspoc.brightspace.com/shibboleth-sp,0,HAS_LICENSE_SP,0
https://leiden-login.educus.nl,0,NOT_NEEDED,0
https://redgrasp.com/saml/metadata,0,HAS_LICENSE_SP,0
https://auth.dataporten.no/simplesaml/module.php/saml/sp/metadata.php/default-sp,0,NOT_NEEDED,0
https://www.scalable-learning.com,0,NOT_NEEDED,0
https://hvauvadrukwerk.shop.canon.nl/,1,NOT_NEEDED,0
https://sso.myedumundo.com/saml/surfconext,0,HAS_LICENSE_SP,0
https://praktijkdagenplanner.avans.nl/shibboleth,0,NOT_NEEDED,0
https://login.figshare.com/shibboleth,0,HAS_LICENSE_SP,1
https://mytimetable.nhl.nl,0,HAS_LICENSE_SP,0
https://saproxy.moonshot.utr.surfcloud.nl/simplesamlphp/module.php/saml/sp/metadata.php/default-sp,0,NOT_NEEDED,0
https://osibotst.hku.nl/osirissaml/saml2/metadata/osiris-tst-student,0,NOT_NEEDED,0
https://ut.eduvpn.nl/saml,0,NOT_NEEDED,0
https://login.studytube.nl/surfconext/metadata,0,HAS_LICENSE_SP,0
https://topdesk.onderwijsgroeptilburg.nl/tas/secure/login/verify,0,NOT_NEEDED,0
https://topdesk.onderwijsgroeptilburg.nl/tas/public/login/verify,0,NOT_NEEDED,0
http://saml.cursio-hva.edia.nl,1,NOT_NEEDED,0
https://helicon-login.educus.nl,0,NOT_NEEDED,0
https://next.projectcamp.us/auth/v1/saml/metadata,0,NOT_NEEDED,0
https://research.hanze.nl/admin/,0,NOT_NEEDED,0
https://api.projectcamp.us/auth/v1/saml/metadata,0,NOT_NEEDED,0
https://turn.geant.org/shibboleth,0,NOT_NEEDED,0
https://box-idp.nordu.net/simplesaml/module.php/saml/sp/metadata.php/default-sp,0,NOT_NEEDED,0
https://gitlab.uva.nl/hva-uva,0,NOT_NEEDED,0
https://dariah-gateway.lpds.sztaki.hu/shibboleth,0,NOT_NEEDED,0
https://nhtv.webex.com,0,NOT_NEEDED,0
https://fr-authprod.planoncloud.com/auth/realms/zuyd-prod,0,NOT_NEEDED,0
https://osibotst.hku.nl/osirissaml/saml2/metadata/osiris-tst-docent-in-1,0,NOT_NEEDED,0
https://eur.testvision.nl/online/services/SAML.svc,0,NOT_NEEDED,0
https://login.elixir-czech.org/proxy/,0,NOT_NEEDED,0
https://wurtv4.wur.nl/p2g/,0,NOT_NEEDED,0
https://educonf.geant.org/simplesaml/module.php/saml/sp/metadata.php/eduCONF,0,NOT_NEEDED,0
https://research.vu.nl/admin,0,NOT_NEEDED,0
https://saml.lynda.com,0,NOT_NEEDED,0
https://osibotst.hku.nl/osirissaml/saml2/metadata/osiris-tst-basis,0,NOT_NEEDED,0
https://osirisweb-tst.hku.nl/osirissaml/saml2/metadata/osiris-saas-tst-catalogus,0,NOT_NEEDED,0
https://osirisweb-tst.hku.nl/osirissaml/saml2/metadata/osiris-saas-tst-docent-in-1,0,NOT_NEEDED,0
https://demo.eduvpn.nl/saml,0,NOT_NEEDED,0
https://osirisweb-tst.hku.nl/osirissaml/saml2/metadata/osiris-saas-tst-student,0,NOT_NEEDED,0
https://osirisweb-tst.hku.nl/osirissaml/saml2/metadata/osiris-saas-tst-begeleider,0,NOT_NEEDED,0
https://osirisweb-tst.hku.nl/osirissaml/saml2/metadata/osiris-saas-tst-basis,0,NOT_NEEDED,0
https://elabjournal.rug.nl/,0,NOT_NEEDED,0
https://osirisweb.hku.nl/osirissaml/saml2/metadata/osiris-medewerker,0,NOT_NEEDED,0
https://osirisweb.hku.nl/osirissaml/saml2/metadata/osiris-student,0,NOT_NEEDED,0
https://flex.nhl.nl/simplesaml/module.php/saml/sp/metadata.php/default-sp,0,NOT_NEEDED,0
https://wombat.avans.nl/simplesaml-sa/module.php/saml/sp/metadata.php/default-sp,0,NOT_NEEDED,1
https://colaboratorio.redclara.net/shibboleth,0,NOT_NEEDED,0
https://iportal.onderwijsgroeptilburg.nl/,0,NOT_NEEDED,0
https://sp.sollicity.nl/module.php/saml/sp/metadata.php/tu_delft_surfnet_production-sp_TEMP,0,NOT_NEEDED,0
https://uu-usbo.sodexoportal.nl,0,NOT_NEEDED,0
https://uu.sodexoportal.nl,0,NOT_NEEDED,0
https://saml.cursio-amsib.edia.nl,1,NOT_NEEDED,0
https://aventus.trajectplanner.nl/saml/module.php/saml/sp/metadata.php/surfconext_ForceAuthn,0,NOT_NEEDED,0
https://secure.ans-delft.nl/saml/surf/metadata,0,HAS_LICENSE_SP,0
https://www.e-leren.nu/shibboleth,0,NOT_NEEDED,0
https://auth.traintool.com,0,NOT_NEEDED,0
https://labservant-acc.ic.uva.nl/saml-sp/module.php/saml/sp/metadata.php/SURFconext,0,NOT_NEEDED,0
https://dummy.XpressionManager.nl/Single-tenant-service_op-aanvraag,1,NOT_NEEDED,0
https://dummy.testvision.nl/Single-tenant-service_op-aanvraag,0,NOT_NEEDED,0
https://dummy.osiris.nl/Single-tenant-service_op-aanvraag,0,NOT_NEEDED,0
https://dummy.questionmark.eu/Single-tenant-service_op-aanvraag,0,HAS_LICENSE_SP,0
https://dummy.crosscampus.canon.nl/Single-tenant-service_op-aanvraag,0,NOT_NEEDED,0
https://dummy.brightspace.com/Single-tenant-service_op-aanvraag,0,NOT_NEEDED,0
https://digibib.consortiumbo.nl,0,NOT_NEEDED,0
https://dummy.presto.nl/Single-tenant-service_op-aanvraag,0,NOT_NEEDED,0
https://beheer-acc.surfdrive.nl/simplesaml/module.php/saml/sp/metadata.php/SURFconext,0,NOT_NEEDED,0
https://sp.wur.nl/SP,0,NOT_NEEDED,0
https://prod.surfsharekit.nl/auth/saml2/metadata,0,NOT_NEEDED,0
https://topdesk.onderwijsgroeptilburg.nl/saml-metadata/178812b7-3000-44e7-98fb-0bd8c63cbbbe,0,NOT_NEEDED,0
https://topdesk.onderwijsgroeptilburg.nl/saml-metadata/aac141c6-75dd-48ef-b62a-215b2a931946,0,NOT_NEEDED,0
https://ogt.print.ricoh.nl/DSF/,0,NOT_NEEDED,0
https://student-mondriaan.b3net.nl/simplesaml/module.php/saml/sp/metadata.php/surfconext-sp,0,NOT_NEEDED,0
https://tilburg-login.educus.nl,0,NOT_NEEDED,0
https://ezproxy-nldemo.oclc.org/shibboleth,0,NOT_NEEDED,0
https://gitlab.ic.uva.nl/hva-uva,0,NOT_NEEDED,0
https://student-nova.b3net.nl/simplesaml/module.php/saml/sp/metadata.php/surfconext-sp,0,NOT_NEEDED,0
https://ds.1080dots.com/etc/surfconext/www/module.php/saml/sp/metadata.php/default-sp,0,NOT_NEEDED,0
https://eduroamvisitoraccess.org/simplesaml/module.php/saml/sp/metadata.php/edugain-sp,0,NOT_NEEDED,0
https://elombo.clusius.nl,0,NOT_NEEDED,0
https://onderwijsdag.avans.nl/simplesaml/module.php/saml/sp/metadata.php/default-sp,0,NOT_NEEDED,0
https://fhmg.testvision.nl/online/services/SAML.svc,0,NOT_NEEDED,0
https://ota.proquro.nl/PROQURO_ROCRIJNIJSSEL_TEST,0,NOT_NEEDED,0
https://uvanose-tst.ic.uva.nl/shibboleth,0,NOT_NEEDED,0
https://www.mpi.nl/BabyWebShib,0,NOT_NEEDED,0
https://upelo.stenden.com/shibboleth,0,NOT_NEEDED,0
https:/simba.hr.nl/shibboleth,0,NOT_NEEDED,0
https://onderzoekenanalyse.nl/ErasmusMC/Metadata,0,HAS_LICENSE_SP,0
https://tudelft.topdesk.net/saml-metadata/fbc7ce7e-4540-4c69-9df4-40c1166bb0b9,0,NOT_NEEDED,0
https://www.schrijfwijzer.nl/scripts/saml/metadata.php,0,NOT_NEEDED,0
https://wiki.shibboleth.net/shibboleth,0,NOT_NEEDED,0
https://www.nuffic-next.nl/simplesaml/module.php/saml/sp/metadata.php/default-sp,0,NOT_NEEDED,0
https://portal.surfwireless.nl/simplesaml/module.php/saml/sp/metadata.php/default-sp,0,NOT_NEEDED,0
https://inacademia.org/metadata/inacademia-simple-validation.xml,0,NOT_NEEDED,0
https://labservant-prd1.ic.uva.nl/saml-sp/module.php/saml/sp/metadata.php/SURFconext,0,NOT_NEEDED,0
https://remindoconnect.com/saml/module.php/saml/sp/metadata.php/109-surfconext,0,NOT_NEEDED,0
https://hsleiden.anewspring.nl/saml,0,NOT_NEEDED,0
https://login.figsh.com/shibboleth,0,NOT_NEEDED,1
https://tilburguniversity.idm.oclc.org/shibboleth,0,NOT_NEEDED,0
https://www.onderzoekinonderwijs.nl/saml2/www/module.php/saml/sp/metadata.php/surfconext,0,NOT_NEEDED,0
https://privacybydesign.foundation/simplesamlphp/module.php/saml/sp/metadata.php/surfnet,1,NOT_NEEDED,0
https://www.onderwijsdatabank.nl,0,HAS_LICENSE_SURFMARKET,0
https://aventus-test-login.educus.nl,0,NOT_NEEDED,0
https://windesheim.idm.oclc.org/shibboleth,0,NOT_NEEDED,0
https://nlbpn.idm.oclc.org/shibboleth,0,NOT_NEEDED,0
https://roc-nijmegen.topdesk.net/saml-metadata/d5316244-9406-4ab0-8139-d4e06e61cbf7,0,NOT_NEEDED,0
https://roc-nijmegen.topdesk.net/saml-metadata/cd5a19c9-8856-4b64-8994-8bd88924771a,0,NOT_NEEDED,0
http://sso.connexys.nl/saml2/clusiuscollege,0,NOT_NEEDED,0
https://www.un-ihe.org/simplesaml/module.php/saml/sp/metadata.php/default-sp,0,NOT_NEEDED,0
https://kluitje.eduvpn.nl/saml,0,NOT_NEEDED,0
https://ru.eduvpn.nl/saml,0,NOT_NEEDED,0
https://surf.eduvpn.nl/saml,0,NOT_NEEDED,0
https://hva-acc.testvision.nl/online/services/SAML.svc,0,NOT_NEEDED,1
https://hu.testvision.nl/online/services/SAML.svc,0,NOT_NEEDED,0
https://uva-acc.testvision.nl/online/services/SAML.svc,0,NOT_NEEDED,1
https://testing.nuffic-next.nl/simplesaml/module.php/saml/sp/metadata.php/default-sp,0,NOT_NEEDED,0
https://ondemand.questionmark.eu/sso/module.php/saml/sp/metadata.php/605203,0,NOT_NEEDED,0
https://coschappen.vumc.nl,0,NOT_NEEDED,0
https://tworkforce.knaw.nl/PV_Web/s/sso,0,NOT_NEEDED,0
https://www.tco-mvm.nl/simplesaml/module.php/saml/sp/metadata.php/SURFconext,1,NOT_NEEDED,0
https://rijnijssel.proquro.nl/Proquro_RocRijnIjssel_Prod,0,NOT_NEEDED,0
https://repository.maastrichtuniversity.nl/saml/module.php/saml/sp/metadata.php/SURFconext,0,NOT_NEEDED,0
https://bestellen-test.avans.nl,0,NOT_NEEDED,0
https://rijnijsseltest.onderwijsonline.nl/saml/module.php/saml/sp/metadata.php/surfconext,0,NOT_NEEDED,0
https://rijnijsseltest.trajectplanner.nl/saml/module.php/saml/sp/metadata.php/surfconext2048,0,NOT_NEEDED,0
https://regiocollege-login.educus.nl,0,NOT_NEEDED,0
https://auth.summit.nl/surfconext/metadata,0,NOT_NEEDED,0
https://hz.shop.canon.nl/,1,NOT_NEEDED,0
https://rocfriesepoort.topdesk.net/saml-metadata/ff073c72-2266-4cd1-b70b-46a40dfa9fbc,0,NOT_NEEDED,0
https://www.webshop.hu.nl/shibboleth,0,NOT_NEEDED,0
https://rocfriesepoort.topdesk.net/saml-metadata/57bdae86-3961-4f3d-9372-8321206ccab6,0,NOT_NEEDED,0
https://saxion.rsam.com/shibboleth,0,NOT_NEEDED,0
https://perun.bbmri-eric.eu/shibboleth,0,NOT_NEEDED,0
https://rijnijssel.svs.education-online.nl/saml/module.php/saml/sp/metadata.php/surfconext2048,0,NOT_NEEDED,0
https://rijnijssel.education-online.nl/saml/module.php/saml/sp/metadata.php/surfconext2048,0,NOT_NEEDED,0
https://rijnijssel.elo.education-online.nl/saml/module.php/saml/sp/metadata.php/surfconext,0,NOT_NEEDED,0
https://acc-nieuw.nuffic-next.nl/simplesaml/module.php/saml/sp/metadata.php/default-sp,0,NOT_NEEDED,0
https://prd-nieuw.nuffic-next.nl/simplesaml/module.php/saml/sp/metadata.php/default-sp,0,NOT_NEEDED,0
https://rns.release-check.edugain.org/shibboleth,0,NOT_NEEDED,0
https://sssp.id.rug.nl/simplesaml/module.php/saml/sp/metadata.php/default-sp,0,NOT_NEEDED,0
https://proquro.onderwijsgroeptilburg.nl/Proquro_SEB_Prod,0,NOT_NEEDED,0
https://rns-ng.release-check.edugain.org/shibboleth,0,NOT_NEEDED,0
https://engine.nowfap.demo.surfconext.nl/authentication/sp/metadata,0,HAS_LICENSE_SP,0
https://s-eu-ids2-preview.unit4cloud.com/identity,0,NOT_NEEDED,0
https://osirissaml.hdh.nl/osirissaml/saml2/metadata/osiris-medewerker,0,NOT_NEEDED,0
https://www.freepoints.nl/shibboleth,0,NOT_NEEDED,0
https://inholland.plusport.com,0,NOT_NEEDED,0
https://portaal.roctilburg.nl/plugins/authentication/miniorangesaml/,0,NOT_NEEDED,0
https://osirissaml.tst.hsleiden.nl/osirissaml/saml2/metadata/osiris-medewerker,0,NOT_NEEDED,0
https://docs-redclara.renater.fr,0,NOT_NEEDED,0
https://documentos.redclara.net/shibboleth,0,NOT_NEEDED,0
https://filesender-redclara.renater.fr,0,NOT_NEEDED,0
https://www.maius.nl/plugins/user/oneloginsaml/oneloginsaml.php?acs,1,NOT_NEEDED,0
https://summacollege-test.topdesk.net/saml-metadata/5fa3cd39-34c3-4ab0-9e0f-65fc6d599bf6,0,NOT_NEEDED,0
https://s-eu-ids2.unit4cloud.com/identity,0,NOT_NEEDED,0
https://nl.eduvpn.org/saml,0,NOT_NEEDED,0
google.com/a/ogt013.nl,0,NOT_NEEDED,0
https://osirissaml.tst.hsleiden.nl/osirissaml/saml2/metadata/osiris-student,0,NOT_NEEDED,0
https://weper4mens.nl/simplesaml/module.php/saml/sp/metadata.php/default-sp,1,HAS_LICENSE_SP,0
https://saml.acceptatie.xpressionmanager.nl/saml/metadata?idp=surfssa,1,NOT_NEEDED,1
https://crowd-surf.surf.nl/shibboleth,0,HAS_LICENSE_SP,0
https://www.dramaonline.nl/methode/lib/simplesamlphp/www/module.php/saml/sp/metadata.php/default-sp,1,HAS_LICENSE_SP,0
https://summacollege.topdesk.net/saml-metadata/72d0925a-1304-4549-a82a-823f14404096,0,NOT_NEEDED,0
https://summacollege.topdesk.net/saml-metadata/8ee3c2b7-8fe0-4fba-a200-2afc51bc3888,0,NOT_NEEDED,0
https://iportal.onderwijsgroeptilburg.nl/plugins/authentication/miniorangesaml/,0,NOT_NEEDED,0
https://hanzehogeschool.mycampusprint.nl/saml,0,NOT_NEEDED,0
https://hu.idm.oclc.org/shibboleth,0,NOT_NEEDED,0
https://fr-authacc.planoncloud.com/auth/realms/hogeschoolinholland-acc,0,NOT_NEEDED,0
https://fr-authprod.planoncloud.com/auth/realms/hogeschoolinholland-prod,0,NOT_NEEDED,0
https://login.bbmri-eric.eu/proxy/,0,NOT_NEEDED,0
https://aventus-login.educus.nl,0,NOT_NEEDED,0
https://ahk.leerpodium.nl,1,NOT_NEEDED,0
https://authz-playground.surfconext.nl,0,NOT_NEEDED,0
https://artez.leerpodium.nl,0,NOT_NEEDED,0
https://oidc.surfconext.nl,0,NOT_NEEDED,0
https://vhl.mediasite.com/Mediasite,0,NOT_NEEDED,0
https://saml.xpressionmanager.nl/saml/metadata?idp=surf,1,NOT_NEEDED,0
https://uu.futurestore.nl/login/module.php/saml/sp/metadata.php/default-sp,0,NOT_NEEDED,0
https://saml.xpressionmanager.nl/saml/metadata?idp=surfssa,1,NOT_NEEDED,1
https://vumc.elabjournal.com/,0,NOT_NEEDED,0
https://shibboleth.turnitin.com/shibboleth,0,NOT_NEEDED,0
https://ondemand.questionmark.eu/sso/module.php/saml/sp/metadata.php/601445,0,NOT_NEEDED,0
https://aventus.topdesk.net/saml-metadata/d687cf72-cbfa-48e7-8837-a1f1aea7fbae,0,NOT_NEEDED,0
https://aventus.topdesk.net/saml-metadata/31dded73-7c2b-440a-8987-d1ae2bf814e7,0,NOT_NEEDED,0
https://stenden.mycampusprint.nl/saml,0,NOT_NEEDED,0
https://hu.mycampusprint.nl/saml,0,NOT_NEEDED,0
https://remindoconnect.com/saml/module.php/saml/sp/metadata.php/133-surfconext_versterkt_pilot,0,NOT_NEEDED,0
https://aa.surfconext.nl/shibboleth,0,NOT_NEEDED,0
https://fed-id.nuv.la/samlbridge/module.php/saml/sp/metadata.php/sixsq-saml-bridge,0,NOT_NEEDED,0
https://horizon-college.topdesk.net/saml-metadata/b31e0ee0-d16f-4b44-a7c1-a6f33f8f70c7,0,NOT_NEEDED,0
https://horizon-college-test.topdesk.net/saml-metadata/ba9bd481-8fc2-4392-8dad-f7247752a544,0,NOT_NEEDED,0
https://horizon-college.topdesk.net/saml-metadata/bc588d47-56cd-4b6a-937c-3ed0b0fedea6,0,NOT_NEEDED,0
https://horizon-college-test.topdesk.net/saml-metadata/72529a9a-f436-4d05-a71e-d284e6172e28,0,NOT_NEEDED,0
https://engine.proxy.clariah.nl/authentication/sp/metadata,0,NOT_NEEDED,0
https://elo.regiocollege.nl,0,NOT_NEEDED,0
https://tra-ws11-osiris.uci.ru.nl/docent,0,NOT_NEEDED,1
https://ssa-test.surfcumulus.nl/saml2/metadata/,0,NOT_NEEDED,0
https://praktijkaanbod2.han.nl/,0,NOT_NEEDED,0
https://edubox.nl,1,HAS_LICENSE_SP,0
https://sso-sp.sollicity.nl/module.php/saml/sp/metadata.php/ou_surfnet_production-sp,0,NOT_NEEDED,0
https://auth.otc.t-systems.com,0,NOT_NEEDED,0
https://onedata.hnsc.otc-service.com/sp,0,NOT_NEEDED,0
https://i-weblectures.hu.nl/p2g/,0,NOT_NEEDED,0
https://leftclick.cloud,1,HAS_LICENSE_SP,0
https://login.wur.pie-platform.com/login/surfconext/metadata,0,NOT_NEEDED,0
http://adfs.hermesmedical.com/adfs/services/trust,0,NOT_NEEDED,0
https://api.buku.io/saml2/metadata,1,NOT_NEEDED,0
https://webanno.sfs.uni-tuebingen.de,0,NOT_NEEDED,0
https://stc.mynetpay.nl/metadata,0,NOT_NEEDED,0
https://api.dmssolutions.eu/saml/metadata,0,HAS_LICENSE_SP,0
https://praktijkaanbod.han.nl/,0,NOT_NEEDED,0
https://registry.eduteams.org/shibboleth,0,NOT_NEEDED,0
https://osirissaml.hdh.nl/osirissaml/saml2/metadata/osiris-student,0,NOT_NEEDED,0
https://evasysportal.campus.tue.nl:443/secure/,0,NOT_NEEDED,0
https://registry.eduteams.org/aa,0,NOT_NEEDED,0
https://nhtv.mynetpay.nl/metadata,0,NOT_NEEDED,0
https://uva.mycampusprint.nl/saml,0,NOT_NEEDED,0
https://play.ihatestatistics.com,0,HAS_LICENSE_SP,0
https://elo.stenden.com/shibboleth,0,NOT_NEEDED,0
https://sze-gyor.videotorium.hu/shibboleth,0,NOT_NEEDED,0
https://hva.mycampusprint.nl/saml,0,NOT_NEEDED,0
https://blue.officebooking.net/sso/surf_conext/metadata,1,HAS_LICENSE_SP,0
https://studio.hihaho.com/saml2/metadata,0,HAS_LICENSE_SP,0
https://authserver-prd-hogeschool-zuyd.xpaas.caci.nl/osiris-oauth2-server,0,NOT_NEEDED,0
https://mediasite.erasmusmc.nl/Mediasite,0,NOT_NEEDED,0
https://methode.dramaonline.nl/lib/simplesamlphp/www/module.php/saml/sp/metadata.php/default-sp,1,HAS_LICENSE_SP,0
https://remindoconnect.com/saml/module.php/saml/sp/metadata.php/148-surfconext,0,NOT_NEEDED,0
https://remindoconnect.com/saml/module.php/saml/sp/metadata.php/121-surfconext,0,NOT_NEEDED,0
https://tilburgu.testvision.nl/online/services/SAML.svc,0,NOT_NEEDED,0
https://geant.eduvpn.nl/saml,0,NOT_NEEDED,0
https://tekstlab.uio.no/glossa2/saml/metadata,0,NOT_NEEDED,0
https://rocfriesepoort-login.educus.nl,0,NOT_NEEDED,0
https://vetucation.vu-wien.ac.at/shibboleth,0,NOT_NEEDED,0
https://de.dariah.eu/shibboleth,0,NOT_NEEDED,0
https://indico.uu.se/shibboleth,0,NOT_NEEDED,0
http://tra-ws11-osiris.uci.ru.nl/osiris_begeleider,0,NOT_NEEDED,1
https://duf.videotorium.hu/shibboleth,0,NOT_NEEDED,0
https://sp.textgridlab.org/shibboleth,0,NOT_NEEDED,0
https://dev2.dariah.eu/shibboleth,0,NOT_NEEDED,0
https://randevu.lab.vvc.niif.hu/shibboleth,0,NOT_NEEDED,0
https://sztaki.videotorium.hu/shibboleth,0,NOT_NEEDED,0
https://niif.videotorium.hu/shibboleth,0,NOT_NEEDED,0
https://bme.videotorium.hu/shibboleth,0,NOT_NEEDED,0
https://login.ceitec.cz/proxy/,0,NOT_NEEDED,0
https://liferay.de.dariah.eu/shibboleth,0,NOT_NEEDED,0
https://videotorium.hu/shibboleth,0,NOT_NEEDED,0
https://dspace-clarin-it.ilc.cnr.it/Shibboleth.sso/Metadata,0,NOT_NEEDED,0
https://wigner.videotorium.hu/shibboleth,0,NOT_NEEDED,0
https://webcollegeplanner.uva.nl,0,NOT_NEEDED,0
https://sp.www.kielipankki.fi,0,NOT_NEEDED,0
https://sp.clarin.vdu.lt,0,NOT_NEEDED,0
https://repository.de.dariah.eu/shibboleth,0,NOT_NEEDED,0
https://www.planzelf.nl/,1,HAS_LICENSE_SP,0
https://oidc.test.registry.eduteams.org/Saml2/proxy_saml2_backend.xml,0,NOT_NEEDED,0
amc-vumc.the-cortex.com,0,NOT_NEEDED,0
http://amc-vumc.the-cortex.com,0,NOT_NEEDED,0
https://collegerama.tudelft.nl/Mediasite,0,NOT_NEEDED,0
https://auth.automation.surf.net/shibboleth,0,NOT_NEEDED,0
https://keystone.cloud.garrservices.it:5000/shibboleth,0,NOT_NEEDED,0
http://saml.cursussen.bibliotheek.hva.nl,0,NOT_NEEDED,0
https://pdp.de.dariah.eu/shibboleth,0,NOT_NEEDED,0
https://discourse.sci-gaia.eu/shibboleth,0,NOT_NEEDED,0
https://courses.sci-gaia.eu/shibboleth,0,NOT_NEEDED,0
https://accounts.afasonline.com,0,NOT_NEEDED,0
https://albeda-login.educus.nl,0,NOT_NEEDED,0
https://has.idm.oclc.org/shibboleth,0,NOT_NEEDED,0
https://issues.shibboleth.net/shibboleth,0,NOT_NEEDED,0
https://eur.cloud.panopto.eu,0,HAS_LICENSE_SP,0
https://sztaki.cloud.mta.hu/shibboleth,0,NOT_NEEDED,0
https://www.quatrospect.nl,1,HAS_LICENSE_SP,0
https://api.etais.ee/api-auth/saml2/metadata/,0,NOT_NEEDED,0
https://tu.tsf-negometrix.com/simplesaml/module.php/saml/sp/metadata.php/default-sp,0,HAS_LICENSE_SP,0
http://eur.instructure.com/saml2,0,NOT_NEEDED,0
https://auth.staging.automation.surf.net/shibboleth,0,NOT_NEEDED,0
https://shibboleth.eb.com/sp,0,NOT_NEEDED,0
https://puretest.knaw.nl/admin,0,NOT_NEEDED,0
https://www.nhlstendenmerchandise.nl/adfs/www/module.php/saml/sp/metadata.php/default-sp,0,NOT_NEEDED,0
https://sp2.ibmhnscs.net/isam/sps/sp_edugain/saml20,0,NOT_NEEDED,0
https://secure.pluform.com/nl/saml_surfconext/metadata,1,HAS_LICENSE_SP,0
__https://sp.tshhosting.com/shibboleth__,0,NOT_NEEDED,0
https://stats.surfconext.nl/api,0,NOT_NEEDED,0
https://stats.surfconext.nl/dashboard,0,NOT_NEEDED,0
https://remindoconnect.com/saml/module.php/saml/sp/metadata.php/193-surfconext_pe20,1,NOT_NEEDED,0
https://sso.up2university.eu/ssp,0,NOT_NEEDED,0
https://radboudumc.capp.nl,1,NOT_NEEDED,0
http://sp.proto.utwente.nl,1,HAS_LICENSE_SP,0
https://manage.surfconext.nl/shibboleth,0,NOT_NEEDED,0
https://link.surfconext.nl/shibboleth,0,NOT_NEEDED,0
http://fs.liu.se/adfs/services/trust,0,NOT_NEEDED,0
https://han.brand-spot.net/simplesaml/module.php/saml/sp/metadata.php/surfconext,0,NOT_NEEDED,0
https://api.teachertoolbox.nl/api/v1/saml/metadata,1,HAS_LICENSE_SP,0
https://kpz.trajectplanner.nl/saml/module.php/saml/sp/metadata.php/surfconext2048,0,NOT_NEEDED,0
https://kpz.onderwijsonline.nl/saml/module.php/saml/sp/metadata.php/surfconext,0,NOT_NEEDED,0
https://acc-login2.educus.nl/2569DF7E99544CE99D6FF77EE1235E8A,0,NOT_NEEDED,0
https://erasmusmc.accounts.afasonline.com,0,NOT_NEEDED,0
https://designacademy.accounts.afasonline.com,0,NOT_NEEDED,0
https://release.pep.cs.ru.nl/shibboleth,0,NOT_NEEDED,0
https://login.educus.nl/45D11C21-EE8D-4931-96D8-281E15967D2B,0,NOT_NEEDED,0
https://dme.de.dariah.eu/dme,0,NOT_NEEDED,0
https://publication-selection-tool.uba.uva.nl/simplesaml/module.php/saml/sp/metadata.php/SURFconext,0,NOT_NEEDED,0
https://viaa.onderwijsonline.nl/saml/module.php/saml/sp/metadata.php/surfconext,0,NOT_NEEDED,0
https://radboudumc.bettyblocks.com/,0,NOT_NEEDED,0
https://viaa.trajectplanner.nl/saml/module.php/saml/sp/metadata.php/surfconext2048,0,NOT_NEEDED,0
https://rc.pep.cs.ru.nl/shibboleth,0,NOT_NEEDED,0
https://summacollege.21education.org,0,NOT_NEEDED,0
https://artez.idm.oclc.org/shibboleth,0,NOT_NEEDED,0
https://noorderpoort.mycampusprint.nl/saml,0,NOT_NEEDED,0
https://www.lesobservatie.com/simplesaml/module.php/saml/sp/metadata.php/default-sp,1,HAS_LICENSE_SP,0
http://summacollege.21education.org,0,HAS_LICENSE_SP,0
https://login.educus.nl/CB7D5841DD114A0EA77DACD492E9157B,0,NOT_NEEDED,0
https://login.educus.nl/8BE9B97BF36843248BA3F9DCE143A176,0,NOT_NEEDED,0
https://login.educus.nl/2416A3B9-31DB-4C70-8EB5-1C29AA4CE8B4,0,NOT_NEEDED,0
https://login.educus.nl/AEA74CB44B804AAEABB0557E5DCED758,0,NOT_NEEDED,0
https://hku.mycampusprint.nl/saml,0,NOT_NEEDED,0
https://clabs.un-ihe.org,0,NOT_NEEDED,0
https://moodlerooms.hvhl.nl/auth/saml2/sp/metadata.php,0,NOT_NEEDED,0
https://communicatie.fontysbent.nl/simplesaml/module.php/saml/sp/metadata.php/default-sp,0,NOT_NEEDED,0
https://sandbox-moodlerooms.hvhl.nl/auth/saml2/sp/metadata.php,0,NOT_NEEDED,0
https://intake.fontysbent.nl/simplesaml/module.php/saml/sp/metadata.php/default-sp,0,NOT_NEEDED,0
https://sso-usa.sona-systems.com/shibboleth,0,NOT_NEEDED,0
https://auth.aattendance.nl/saml,1,HAS_LICENSE_SP,0
https://bu.acc.eveoh.nl,0,NOT_NEEDED,0
https://myroster.nhtv.nl,0,NOT_NEEDED,0
https://login.educus.nl/138F5B3C-8299-4737-9A1D-76FB3FC1EAF6,0,NOT_NEEDED,0
https://login.educus.nl/A06DAA0764FC4104B7ECE226B08CDD7C,0,NOT_NEEDED,0
https://staging.ondemand.questionmark.eu/sso/module.php/saml/sp/metadata.php/601445,0,NOT_NEEDED,0
https://staging.ondemand.questionmark.eu/sso/module.php/saml/sp/metadata.php/602300,0,NOT_NEEDED,0
https://fontys.mycampusprint.nl/saml,0,NOT_NEEDED,0
https://talnet.topdesk.net/saml-metadata/c290cea2-d63d-499d-b970-73f68d7855fb,0,NOT_NEEDED,0
https://talnet.topdesk.net/saml-metadata/04f2153f-9919-4fcf-a841-8835e7adb69a,0,NOT_NEEDED,0
https://talnet-test.topdesk.net/saml-metadata/59467877-7929-4e30-879a-a4708492b6a5,0,NOT_NEEDED,0
https://talnet-test.topdesk.net/saml-metadata/63b26b90-f129-411b-9f47-564d18a9404b,0,NOT_NEEDED,0
https://ota.proquro.nl/Proquro_SEB_Test,0,NOT_NEEDED,0
https://nki.mibris.nl/PaNaMa/AuthServices,0,NOT_NEEDED,0
https://pilot.surfcumulus.nl/saml2/metadata/,0,NOT_NEEDED,0
https://data-acc.bsi.ru.nl,0,NOT_NEEDED,0
https://inrsis.ru.nl/osiris_docent,0,NOT_NEEDED,0
https://tstsis.ru.nl/osiris_docent,0,NOT_NEEDED,0
https://cloud.ktu.edu/simplesaml-sp-edugain,0,NOT_NEEDED,0
https://ontsis.ru.nl/osiris_docent,0,NOT_NEEDED,0
https://cloud.mcp-services.net/federation/platform/r2.0/eu,0,NOT_NEEDED,0
https://secure.urkund.com/shibboleth,0,NOT_NEEDED,0
https://www.tco-mvm.nl/simplesaml/module.php/saml/sp/metadata.php/Avans_IP,0,NOT_NEEDED,0
https://horafinita.rug.nl/simplesaml/module.php/saml/sp/metadata.php/default-sp,0,NOT_NEEDED,0
https://ondemand.questionmark.eu/sso/module.php/saml/sp/metadata.php/607787,0,NOT_NEEDED,0
https://noorderpoort.accounts.afasonline.com,0,NOT_NEEDED,0
https://erasmusmc.letsgetwiser.com,0,NOT_NEEDED,0
http://hu.instructure.com/saml2,0,NOT_NEEDED,0
https://ucisis.ru.nl/osiris_docent,0,NOT_NEEDED,0
https://zuyd.asimut.net/simplesamlphp/module.php/saml/sp/metadata.php/default-sp,0,NOT_NEEDED,0
https://nhtv-test.topdesk.net/saml-metadata/1cd67241-3a69-4a6b-9e4b-be702a07eaab,0,NOT_NEEDED,0
https://nhtv-test.topdesk.net/saml-metadata/f1c90081-0e68-4c60-8c40-74904b15492e,0,NOT_NEEDED,0
https://impacter.eu/sso/metadata,0,HAS_LICENSE_SP,0
https://hr2day-5629.cloudforce.com,0,NOT_NEEDED,0
https://s-us-ids2-preview.unit4cloud.com/identity,0,NOT_NEEDED,0
https://dex.jove.surfsara.nl,0,NOT_NEEDED,0
https://s-us-ids2.unit4cloud.com/identity,0,NOT_NEEDED,0
https://noorderpoort.itslearning.com,0,NOT_NEEDED,0
https://roctop.accounts.afasonline.com,0,NOT_NEEDED,0
https://authenticate.bvdep.com/surfconext,0,NOT_NEEDED,0
https://staging-han.oerwrite.nl/users/saml/metadata,0,NOT_NEEDED,0
https://studentresearch.uva.nl,0,NOT_NEEDED,0
https://ondemand.questionmark.eu/sso/module.php/saml/sp/metadata.php/604037,0,NOT_NEEDED,0
https://hotelschool.mynetpay.nl/metadata,0,NOT_NEEDED,0
https://panayaportal.force.com,0,NOT_NEEDED,0
https://auth.brainstud.io,0,NOT_NEEDED,0
https://nhl.quayn.eu/admin/authentication/SurfConextSAML,0,NOT_NEEDED,0
https://emea.panaya.com,0,NOT_NEEDED,0
http://test.elections.progressonderwijs.nl/,0,NOT_NEEDED,0
http://elections.progressonderwijs.nl/,0,NOT_NEEDED,0
https://han.oerwrite.nl/users/saml/metadata,0,NOT_NEEDED,0
https://sis.ru.nl/osiris_docent,0,NOT_NEEDED,0
https://accsis.ru.nl/osiris_docent,0,NOT_NEEDED,0
https://clusius.topdesk.net/saml-metadata/bba6ef18-77fb-48e9-9f2a-e218678cebc9,0,NOT_NEEDED,0
https://idp.cloud.tisparkle.com,0,NOT_NEEDED,0
https://clusius.topdesk.net/saml-metadata/926dfa5e-ef25-4882-84ab-a9ea12508a79,0,NOT_NEEDED,0
https://welcome.pilot.lifescienceid.org/SAML2SPBACKEND/lsaai_saml2_proxy.xml,0,NOT_NEEDED,0
https://saxion.data.surfsara.nl/,0,NOT_NEEDED,0
https://test-login.educus.nl/CB7D5841DD114A0EA77DACD492E9157B,0,NOT_NEEDED,0
https://ondemand.questionmark.eu/sso/module.php/saml/sp/metadata.php/608842,0,NOT_NEEDED,0
https://noorderpoort.topdesk.net/saml-metadata/423fc73c-1c23-4a05-bc70-85e2532390a1,0,NOT_NEEDED,0
https://noorderpoort.topdesk.net/saml-metadata/1bfad7fc-7f69-4277-a25a-8c1b74b75ea6,0,NOT_NEEDED,0
https://rocva.print.ricoh.nl/DSF/,0,NOT_NEEDED,0
https://authentication.thiememeulenhoff.nl/am,0,NOT_NEEDED,0
https://surf.leerpodium.nl,0,NOT_NEEDED,0
https://welcome.pilot.lifescienceid.org/metadata/backend.xml,0,NOT_NEEDED,0
https://geoshibb.edina.ac.uk/shibboleth,0,NOT_NEEDED,0
https://test-horafinita.rug.nl/simplesaml/module.php/saml/sp/metadata.php/default-sp,0,NOT_NEEDED,0
https://hva.oerwrite.nl/users/saml/metadata,0,NOT_NEEDED,0
https://elk.surfconext.nl,0,NOT_NEEDED,0
https://talnetirs-test.topdesk.net/saml-metadata/cd14a5c6-78a4-4e6b-98b3-eb766446305b,0,NOT_NEEDED,0
https://talnetirs.topdesk.net/saml-metadata/9be9b72b-b69d-4cc9-80e2-98dfe0ed5323,0,NOT_NEEDED,0
https://sp.mpi.nl,0,NOT_NEEDED,0
https://talnetirs.topdesk.net/saml-metadata/eb8468e4-8809-4781-a57d-1e61b1047364,0,NOT_NEEDED,0
https://archive.mpi.nl,0,NOT_NEEDED,0
https://noorderpoort-test.topdesk.net/saml-metadata/552db9c2-6bfc-4f85-831d-1259c5dcf7c1,0,NOT_NEEDED,0
https://noorderpoort-test.topdesk.net/saml-metadata/a055773a-5392-4c5e-a802-8ba56a50ef36,0,NOT_NEEDED,0
https://talnetirs-test.topdesk.net/saml-metadata/5f599920-2556-41cd-ba46-323255cfdc81,0,NOT_NEEDED,0
https://ota3.proquro.nl/Proquro_OGT_Test,0,NOT_NEEDED,0
https://remindoconnect.com/saml/module.php/saml/sp/metadata.php/190-surfconext_pe20,0,NOT_NEEDED,0
https://data-acc.facultyofarts.ru.nl,0,NOT_NEEDED,0
https://onderwijsgroeptilburg.proquro.nl/Proquro_OGT_Prod,0,NOT_NEEDED,0
https://welcome.lifescienceid.org/metadata/backend.xml,0,NOT_NEEDED,0
https://um.print.ricoh.nl/DSF/,0,NOT_NEEDED,0
https://osiris.hvhl.nl/osirissaml/saml2/metadata/osiris-medewerker-mfa,0,NOT_NEEDED,0
https://redmine.acdh.oeaw.ac.at/shibboleth,0,NOT_NEEDED,0
https://nhl-test.topdesk.net/saml-metadata/e589bc56-1365-4897-b623-4dde4363c8dc,0,NOT_NEEDED,0
https://nhl.topdesk.net/saml-metadata/3ffbab85-1162-4cb1-8576-3568b2075e8b,0,NOT_NEEDED,0
https://proxy-test.library.uu.nl,0,NOT_NEEDED,0
https://arche.acdh.oeaw.ac.at/shibboleth,0,NOT_NEEDED,0
https://osiris.hvhl.nl/osirissaml/saml2/metadata/osiris-medewerker,0,NOT_NEEDED,0
https://proxy-dev.library.uu.nl,0,NOT_NEEDED,0
https://nhl-test.topdesk.net/saml-metadata/dfa5ac27-7ac9-4660-ad09-195b4ae66b04,0,NOT_NEEDED,0
https://nhl.topdesk.net/saml-metadata/0c91bc99-1322-4735-b506-6728eb70fb88,0,NOT_NEEDED,0
https://registries.clarin-dariah.eu/shibboleth,0,NOT_NEEDED,0
https://osirisacc.hvhl.nl/osirissaml/saml2/metadata/osiris-medewerker,0,NOT_NEEDED,0
https://teach.dariah.eu/shibboleth,0,NOT_NEEDED,0
https://acdh.oeaw.ac.at/shibboleth,0,NOT_NEEDED,0
https://proxy.pilot.scz.lab.surf.nl/Saml2SP/proxy_saml2_backend.xml,0,NOT_NEEDED,0
https://support.fontysbent.nl/simplesaml/module.php/saml/sp/metadata.php/default-sp,0,NOT_NEEDED,0
https://www.karger.com/oa/entity,0,NOT_NEEDED,0
